axis,scenario,value,task,method,seed,score,coverage,stability,seconds,n_patches,precision,recall,f1,iou,distractor_fp
n,n=100,100,binary,full,0,0.7937070707070707,1.0,1.0,1.4314972,64,0.0625,1.0,0.11764705882352941,0.0625,1.0
n,n=100,100,binary,full,1,0.7382891414141414,1.0,1.0,1.2271535999999998,64,0.0625,1.0,0.11764705882352941,0.0625,1.0
n,n=100,100,binary,full,2,0.8294545454545454,1.0,1.0,1.2022132999999995,64,0.0625,1.0,0.11764705882352941,0.0625,1.0
n,n=100,100,binary,anova,0,0.9379191919191919,0.1,0.5782936507936508,1.0520625999999993,64,0.6409523809523809,1.0,0.7765656565656565,0.6409523809523809,0.0
n,n=100,100,binary,anova,1,0.9361111111111111,0.08125,0.5870238095238094,1.0270287999999992,64,0.7576190476190476,0.95,0.8332323232323233,0.7276190476190476,0.0
n,n=100,100,binary,anova,2,0.9066868686868688,0.115625,0.6335101010101011,1.142191500000001,64,0.5507936507936508,1.0,0.7073193473193473,0.5507936507936508,0.25
n,n=100,100,binary,lasso,0,0.8407474747474748,0.89375,0.8042842741935484,1.367295200000001,64,0.07018107136528189,1.0,0.1311304375924422,0.07018107136528189,0.8
n,n=100,100,binary,lasso,1,0.7747790404040404,0.8875,0.7970665401274206,1.3955590999999998,64,0.07077824793342036,1.0,0.13216016551225607,0.07077824793342036,0.8
n,n=100,100,binary,lasso,2,0.7753838383838383,0.86875,0.7912326139692613,1.3935792000000014,64,0.0719855193539404,1.0,0.13429809685321276,0.0719855193539404,0.9
n,n=100,100,binary,rfe,0,0.934919191919192,0.11875,0.6727272727272726,1.8803237999999993,64,0.8363636363636363,1.0,0.8615384615384615,0.8363636363636363,0.0
n,n=100,100,binary,rfe,1,0.9098484848484848,0.25,0.41940792127127524,1.8176017999999985,64,0.6537549407114625,1.0,0.6935384615384615,0.6537549407114625,0.1
n,n=100,100,binary,rfe,2,0.9077373737373737,0.08125,0.76,1.9703947999999976,64,0.8800000000000001,1.0,0.9142857142857143,0.8800000000000001,0.05
n,n=100,100,binary,rf,0,0.9069191919191919,0.225,0.36065930151271386,2.5411778,64,0.2875350140056022,1.0,0.4435756056808689,0.2875350140056022,0.15
n,n=100,100,binary,rf,1,0.8518939393939394,0.278125,0.42179511953425,2.5343923000000004,64,0.22511179910560716,1.0,0.3674007152268021,0.22511179910560716,0.05
n,n=100,100,binary,rf,2,0.8665555555555556,0.25,0.45608413325804625,3.1615125000000006,64,0.25490422889803693,1.0,0.40495270571996916,0.25490422889803693,0.2
n,n=100,100,binary,rpm,0,0.9479191919191919,0.0625,1.0,1.751021999999999,64,1.0,1.0,1.0,1.0,0.0
n,n=100,100,binary,rpm,1,0.9702967171717172,0.0625,1.0,1.9697569999999978,64,1.0,1.0,1.0,1.0,0.0
n,n=100,100,binary,rpm,2,0.9247373737373736,0.0625,1.0,1.507500799999999,64,1.0,1.0,1.0,1.0,0.0
n,n=100,100,binary,rpm_l0,0,0.8899393939393938,0.121875,0.5553266178266177,1.424284,64,0.5631746031746031,1.0,0.7063092463092463,0.5631746031746031,0.0
n,n=100,100,binary,rpm_l0,1,0.8685290404040404,0.196875,0.30798078529657474,1.5937952999999965,64,0.33666666666666667,1.0,0.49754385964912273,0.33666666666666667,0.0
n,n=100,100,binary,rpm_l0,2,0.8898181818181818,0.125,0.41369963369963375,1.3766235000000009,64,0.5599999999999999,1.0,0.6952380952380952,0.5599999999999999,0.15
n,n=100,100,binary,rpm_boot,0,0.944939393939394,0.084375,0.7010714285714286,3.863349899999996,64,0.7676190476190475,1.0,0.861010101010101,0.7676190476190475,0.0
n,n=100,100,binary,rpm_boot,1,0.9510732323232324,0.09375,0.6361111111111111,5.176410099999998,64,0.6742857142857143,1.0,0.8032323232323233,0.6742857142857143,0.0
n,n=100,100,binary,rpm_boot,2,0.9108282828282828,0.09375,0.5809523809523809,4.026665899999998,64,0.681904761904762,1.0,0.8064646464646466,0.681904761904762,0.15
n,n=100,100,binary,rpm_ens,0,0.9499191919191918,0.065625,0.9200000000000002,8.2689721,64,0.96,1.0,0.9777777777777779,0.96,0.0
n,n=100,100,binary,rpm_ens,1,0.9312815656565657,0.06875,0.6616666666666667,7.4096191999999945,64,0.8433333333333334,0.9,0.8592063492063492,0.7633333333333334,0.0
n,n=100,100,binary,rpm_ens,2,0.9247373737373736,0.0625,1.0,8.134837000000005,64,1.0,1.0,1.0,1.0,0.0
n,n=100,100,binary,rf_boot,0,0.9288585858585858,0.125,0.4441958041958042,13.339939700000002,64,0.5085714285714286,1.0,0.6718614718614718,0.5085714285714286,0.0
n,n=100,100,binary,rf_boot,1,0.8735795454545453,0.134375,0.45276556776556776,14.132545399999998,64,0.42706349206349203,0.9,0.5773226773226774,0.4132756132756132,0.0
n,n=100,100,binary,rf_boot,2,0.8536363636363637,0.140625,0.33140519568151144,12.394438699999995,64,0.4501098901098901,0.95,0.6040743570155335,0.4446553446553446,0.05
n,n=100,100,binary,rpm_mlp,0,0.9539393939393939,0.06875,0.8466666666666667,6.377306700000005,64,0.9199999999999999,1.0,0.9555555555555555,0.9199999999999999,0.0
n,n=100,100,binary,rpm_mlp,1,0.9723800505050505,0.065625,0.9200000000000002,7.265748899999991,64,0.96,1.0,0.9777777777777779,0.96,0.0
n,n=100,100,binary,rpm_mlp,2,0.9247373737373736,0.0625,1.0,7.013728100000009,64,1.0,1.0,1.0,1.0,0.0
n,n=200,200,binary,full,0,0.9229141604010026,1.0,1.0,1.5199051999999824,64,0.0625,1.0,0.11764705882352941,0.0625,1.0
n,n=200,200,binary,full,1,0.8987373737373737,1.0,1.0,1.6721574999999973,64,0.0625,1.0,0.11764705882352941,0.0625,1.0
n,n=200,200,binary,full,2,0.8805973266499582,1.0,1.0,1.491121800000002,64,0.0625,1.0,0.11764705882352941,0.0625,1.0
n,n=200,200,binary,anova,0,0.9582061403508773,0.1125,0.6077164502164502,1.173164700000001,64,0.5742857142857142,1.0,0.7232323232323232,0.5742857142857142,0.0
n,n=200,200,binary,anova,1,0.9583333333333334,0.078125,0.7344444444444445,1.0944849999999917,64,0.86,1.0,0.9111111111111111,0.86,0.0
n,n=200,200,binary,anova,2,0.9226627173995595,0.128125,0.6313131313131312,1.1893416000000059,64,0.4920634920634921,1.0,0.6582750582750583,0.4920634920634921,0.1
n,n=200,200,binary,lasso,0,0.9141704260651629,0.946875,0.9056763632872503,2.1623241000000064,64,0.06606673149949059,1.0,0.12393844717374129,0.06606673149949059,0.8
n,n=200,200,binary,lasso,1,0.9017676767676768,0.921875,0.8494791666666666,2.3091299000000163,64,0.06783560063316639,1.0,0.12704816982183456,0.06783560063316639,0.85
n,n=200,200,binary,lasso,2,0.8577960051644263,0.93125,0.8741815476190476,2.0321902999999963,64,0.06714904842660636,1.0,0.12584367245657568,0.06714904842660636,0.9
n,n=200,200,binary,rfe,0,0.9502211779448622,0.1,0.7,1.9522808000000111,64,0.85,1.0,0.8800000000000001,0.85,0.0
n,n=200,200,binary,rfe,1,0.9679292929292929,0.08125,0.76,2.0202005000000156,64,0.8800000000000001,1.0,0.9142857142857143,0.8800000000000001,0.0
n,n=200,200,binary,rfe,2,0.945048226627174,0.0625,1.0,2.0021586000000013,64,1.0,1.0,1.0,1.0,0.0
n,n=200,200,binary,rf,0,0.9507086466165413,0.171875,0.3783738191632928,2.8053012000000024,64,0.3748717948717949,1.0,0.5417366946778712,0.3748717948717949,0.0
n,n=200,200,binary,rf,1,0.9328282828282829,0.146875,0.36963369963369963,2.7865290999999957,64,0.42666666666666664,1.0,0.5978021978021978,0.42666666666666664,0.1
n,n=200,200,binary,rf,2,0.893288144603934,0.2,0.4607760209346897,3.1651866999999925,64,0.3174691974691975,1.0,0.4805503955968352,0.3174691974691975,0.15
n,n=200,200,binary,rpm,0,0.9654711779448621,0.0625,1.0,1.641534500000006,64,1.0,1.0,1.0,1.0,0.0
n,n=200,200,binary,rpm,1,0.9661616161616161,0.0625,1.0,1.4540982999999983,64,1.0,1.0,1.0,1.0,0.0
n,n=200,200,binary,rpm,2,0.945048226627174,0.0625,1.0,1.4992790999999954,64,1.0,1.0,1.0,1.0,0.0
n,n=200,200,binary,rpm_l0,0,0.9714674185463659,0.10625,0.5712481962481962,1.598846100000003,64,0.6107936507936508,1.0,0.7517637917637918,0.6107936507936508,0.1
n,n=200,200,binary,rpm_l0,1,0.9573232323232324,0.075,0.7614285714285713,2.0865614999999877,64,0.8742857142857142,1.0,0.9232323232323234,0.8742857142857142,0.05
n,n=200,200,binary,rpm_l0,2,0.9490810359231411,0.125,0.5241830065359477,1.7110696000000019,64,0.5726984126984127,1.0,0.7097435897435898,0.5726984126984127,0.1
n,n=200,200,binary,rpm_boot,0,0.9627211779448622,0.071875,0.78,4.198879099999999,64,0.8799999999999999,1.0,0.9333333333333333,0.8799999999999999,0.0
n,n=200,200,binary,rpm_boot,1,0.9636363636363636,0.065625,0.9200000000000002,5.261232300000017,64,0.96,1.0,0.9777777777777779,0.96,0.0
n,n=200,200,binary,rpm_boot,2,0.9281973874079137,0.109375,0.5621681096681097,3.9239294999999856,64,0.6276190476190476,1.0,0.7530735930735931,0.6276190476190476,0.1
n,n=200,200,binary,rpm_ens,0,0.9654711779448621,0.0625,1.0,10.43913999999998,64,1.0,1.0,1.0,1.0,0.0
n,n=200,200,binary,rpm_ens,1,0.9684343434343434,0.065625,0.9199999999999999,10.137675800000011,64,0.96,1.0,0.9777777777777779,0.96,0.0
n,n=200,200,binary,rpm_ens,2,0.9367148932938406,0.075,0.7714285714285715,10.527200999999991,64,0.8666666666666666,1.0,0.9199999999999999,0.8666666666666666,0.05
n,n=200,200,binary,rf_boot,0,0.9349442355889724,0.121875,0.4165900765900766,15.14809790000001,64,0.5276190476190477,1.0,0.6864069264069264,0.5276190476190477,0.0
n,n=200,200,binary,rf_boot,1,0.9361111111111111,0.109375,0.46470418470418473,18.370669099999986,64,0.6276190476190476,1.0,0.753073593073593,0.6276190476190476,0.1
n,n=200,200,binary,rf_boot,2,0.9184172552593605,0.13125,0.4613053613053613,18.149527799999987,64,0.48317460317460326,1.0,0.6494838494838494,0.48317460317460326,0.1
n,n=200,200,binary,rpm_mlp,0,0.9644711779448623,0.065625,0.9200000000000002,14.653206400000045,64,0.96,1.0,0.9777777777777779,0.96,0.0
n,n=200,200,binary,rpm_mlp,1,0.9636363636363636,0.065625,0.9200000000000002,12.473197200000016,64,0.96,1.0,0.9777777777777779,0.96,0.0
n,n=200,200,binary,rpm_mlp,2,0.9475544922913344,0.065625,0.9200000000000002,8.591746,64,0.96,1.0,0.9777777777777779,0.96,0.0
n,n=400,400,binary,full,0,0.9368447858036273,1.0,1.0,2.621142499999962,64,0.0625,1.0,0.11764705882352941,0.0625,1.0
n,n=400,400,binary,full,1,0.9243734335839597,1.0,1.0,2.432820300000003,64,0.0625,1.0,0.11764705882352941,0.0625,1.0
n,n=400,400,binary,full,2,0.9295294633957425,1.0,1.0,2.834877400000039,64,0.0625,1.0,0.11764705882352941,0.0625,1.0
n,n=400,400,binary,anova,0,0.9685455753595995,0.115625,0.5877344877344877,1.5870886999999811,64,0.5476190476190477,1.0,0.7054545454545454,0.5476190476190477,0.15
n,n=400,400,binary,anova,1,0.9564536340852131,0.109375,0.6245887445887446,1.6067904999999882,64,0.6044444444444445,1.0,0.7439316239316239,0.6044444444444445,0.0
n,n=400,400,binary,anova,2,0.9699252503031573,0.090625,0.6282142857142857,1.3020187000000192,64,0.7219047619047618,1.0,0.8286868686868688,0.7219047619047618,0.0
n,n=400,400,binary,lasso,0,0.9711093652282676,0.0625,1.0,2.2651983000000087,64,1.0,1.0,1.0,1.0,0.0
n,n=400,400,binary,lasso,1,0.9644736842105261,0.0625,1.0,2.9487636000000066,64,1.0,1.0,1.0,1.0,0.0
n,n=400,400,binary,lasso,2,0.9573887841329702,0.4125,0.42749999999999994,3.558073200000024,64,0.6266666666666667,1.0,0.65,0.6266666666666667,0.3
n,n=400,400,binary,rfe,0,0.9714845997498436,0.08125,0.76,4.001206799999977,64,0.8800000000000001,1.0,0.9142857142857143,0.8800000000000001,0.0
n,n=400,400,binary,rfe,1,0.9456140350877194,0.23125,0.33913621262458465,2.5289505999999733,64,0.45999999999999996,1.0,0.5792207792207793,0.45999999999999996,0.0
n,n=400,400,binary,rfe,2,0.9651859576278181,0.1,0.7,3.429807700000026,64,0.85,1.0,0.8800000000000001,0.85,0.0
n,n=400,400,binary,rf,0,0.9699212398373984,0.1125,0.6611111111111112,5.105416300000002,64,0.5571428571428572,1.0,0.7151515151515151,0.5571428571428572,0.05
n,n=400,400,binary,rf,1,0.9602756892230577,0.096875,0.5447222222222223,3.8666537999999946,64,0.68,1.0,0.8,0.68,0.0
n,n=400,400,binary,rf,2,0.968929592912151,0.115625,0.4955555555555556,3.7905212000000006,64,0.5428571428571429,1.0,0.7030303030303029,0.5428571428571429,0.0
n,n=400,400,binary,rpm,0,0.9711093652282676,0.0625,1.0,3.3938137999999753,64,1.0,1.0,1.0,1.0,0.0
n,n=400,400,binary,rpm,1,0.9644736842105261,0.0625,1.0,2.686536100000012,64,1.0,1.0,1.0,1.0,0.0
n,n=400,400,binary,rpm,2,0.9702364626783233,0.0625,1.0,2.546728900000005,64,1.0,1.0,1.0,1.0,0.0
n,n=400,400,binary,rpm_l0,0,0.9711093652282676,0.0625,1.0,3.098398099999997,64,1.0,1.0,1.0,1.0,0.0
n,n=400,400,binary,rpm_l0,1,0.963032581453634,0.065625,0.9200000000000002,2.8770892000000003,64,0.96,1.0,0.9777777777777779,0.96,0.0
n,n=400,400,binary,rpm_l0,2,0.9702364626783233,0.0625,1.0,2.3038933999999927,64,1.0,1.0,1.0,1.0,0.0
n,n=400,400,binary,rpm_boot,0,0.9711093652282676,0.0625,1.0,7.114652000000035,64,1.0,1.0,1.0,1.0,0.0
n,n=400,400,binary,rpm_boot,1,0.9644736842105261,0.0625,1.0,7.135231899999951,64,1.0,1.0,1.0,1.0,0.0
n,n=400,400,binary,rpm_boot,2,0.9702364626783233,0.0625,1.0,7.601619800000037,64,1.0,1.0,1.0,1.0,0.0
n,n=400,400,binary,rpm_ens,0,0.9711093652282676,0.0625,1.0,21.389009499999986,64,1.0,1.0,1.0,1.0,0.0
n,n=400,400,binary,rpm_ens,1,0.9644736842105261,0.0625,1.0,19.536052799999993,64,1.0,1.0,1.0,1.0,0.0
n,n=400,400,binary,rpm_ens,2,0.9708649981905797,0.065625,0.9200000000000002,20.79564529999999,64,0.96,1.0,0.9777777777777779,0.96,0.0
n,n=400,400,binary,rf_boot,0,0.9694831926203877,0.08125,0.7547619047619049,27.006928600000037,64,0.7733333333333332,1.0,0.8711111111111112,0.7733333333333332,0.0
n,n=400,400,binary,rf_boot,1,0.9587719298245613,0.075,0.7604761904761904,24.64178750000002,64,0.8533333333333333,1.0,0.9155555555555555,0.8533333333333333,0.0
n,n=400,400,binary,rf_boot,2,0.9687949974287184,0.084375,0.6928571428571428,22.314076299999954,64,0.7466666666666667,1.0,0.8533333333333333,0.7466666666666667,0.0
n,n=400,400,binary,rpm_mlp,0,0.9711093652282676,0.0625,1.0,10.811358900000073,64,1.0,1.0,1.0,1.0,0.0
n,n=400,400,binary,rpm_mlp,1,0.9644736842105261,0.0625,1.0,13.590031100000033,64,1.0,1.0,1.0,1.0,0.0
n,n=400,400,binary,rpm_mlp,2,0.9702364626783233,0.0625,1.0,16.03308000000004,64,1.0,1.0,1.0,1.0,0.0
n,n=800,800,binary,full,0,0.9553055164869511,1.0,1.0,6.754592600000024,64,0.0625,1.0,0.11764705882352941,0.0625,1.0
n,n=800,800,binary,full,1,0.9515258837547993,1.0,1.0,7.02921409999999,64,0.0625,1.0,0.11764705882352941,0.0625,1.0
n,n=800,800,binary,full,2,0.9472030169704588,1.0,1.0,6.910673100000054,64,0.0625,1.0,0.11764705882352941,0.0625,1.0
n,n=800,800,binary,anova,0,0.9746366619784341,0.1125,0.6609920634920635,3.2179707000000235,64,0.5619047619047619,1.0,0.7175757575757575,0.5619047619047619,0.15
n,n=800,800,binary,anova,1,0.9685227154078166,0.121875,0.5824999999999999,3.0771389000000227,64,0.540952380952381,1.0,0.6940259740259741,0.540952380952381,0.2
n,n=800,800,binary,anova,2,0.9755971087366435,0.1,0.677579365079365,3.030597499999999,64,0.6409523809523808,1.0,0.7765656565656566,0.6409523809523808,0.0
n,n=800,800,binary,lasso,0,0.9745116424441319,0.0625,1.0,6.674966900000072,64,1.0,1.0,1.0,1.0,0.0
n,n=800,800,binary,lasso,1,0.9722602086912989,0.0625,1.0,6.233535400000051,64,1.0,1.0,1.0,1.0,0.0
n,n=800,800,binary,lasso,2,0.9748742928975487,0.0625,1.0,5.754135700000006,64,1.0,1.0,1.0,1.0,0.0
n,n=800,800,binary,rfe,0,0.9690107829348336,0.19375,0.41578754578754573,4.3175152000000026,64,0.4685714285714285,1.0,0.592857142857143,0.4685714285714285,0.0
n,n=800,800,binary,rfe,1,0.9660062999983658,0.25,0.42068322981366457,4.314150900000072,64,0.6485714285714286,1.0,0.6863636363636363,0.6485714285714286,0.05
n,n=800,800,binary,rfe,2,0.973585795097423,0.1,0.7,4.337776299999973,64,0.85,1.0,0.8800000000000001,0.85,0.0
n,n=800,800,binary,rf,0,0.9739490545397718,0.065625,0.9200000000000002,8.897844000000077,64,0.96,1.0,0.9777777777777779,0.96,0.0
n,n=800,800,binary,rf,1,0.9724782881923639,0.071875,0.8133333333333332,7.862387699999999,64,0.8800000000000001,1.0,0.9333333333333333,0.8800000000000001,0.0
n,n=800,800,binary,rf,2,0.9748742928975487,0.0625,1.0,5.670421400000009,64,1.0,1.0,1.0,1.0,0.0
n,n=800,800,binary,rpm,0,0.9745116424441319,0.0625,1.0,2.0451422999999522,64,1.0,1.0,1.0,1.0,0.0
n,n=800,800,binary,rpm,1,0.9722602086912989,0.0625,1.0,2.068514100000016,64,1.0,1.0,1.0,1.0,0.0
n,n=800,800,binary,rpm,2,0.9748742928975487,0.0625,1.0,1.9902110000000448,64,1.0,1.0,1.0,1.0,0.0
n,n=800,800,binary,rpm_l0,0,0.9745116424441319,0.0625,1.0,2.5626713999999993,64,1.0,1.0,1.0,1.0,0.0
n,n=800,800,binary,rpm_l0,1,0.9722602086912989,0.0625,1.0,2.17323429999999,64,1.0,1.0,1.0,1.0,0.0
n,n=800,800,binary,rpm_l0,2,0.9748742928975487,0.0625,1.0,2.045215999999982,64,1.0,1.0,1.0,1.0,0.0
n,n=800,800,binary,rpm_boot,0,0.9745116424441319,0.0625,1.0,5.95974590000003,64,1.0,1.0,1.0,1.0,0.0
n,n=800,800,binary,rpm_boot,1,0.9722602086912989,0.0625,1.0,5.691444400000023,64,1.0,1.0,1.0,1.0,0.0
n,n=800,800,binary,rpm_boot,2,0.9748742928975487,0.0625,1.0,6.108762200000001,64,1.0,1.0,1.0,1.0,0.0
n,n=800,800,binary,rpm_ens,0,0.9745116424441319,0.0625,1.0,24.29850380000005,64,1.0,1.0,1.0,1.0,0.0
n,n=800,800,binary,rpm_ens,1,0.9722602086912989,0.0625,1.0,32.736767899999904,64,1.0,1.0,1.0,1.0,0.0
n,n=800,800,binary,rpm_ens,2,0.9748742928975487,0.0625,1.0,34.438122799999974,64,1.0,1.0,1.0,1.0,0.0
n,n=800,800,binary,rf_boot,0,0.9739490545397718,0.065625,0.9200000000000002,46.3767292,64,0.96,1.0,0.9777777777777779,0.96,0.0
n,n=800,800,binary,rf_boot,1,0.9732600267789808,0.071875,0.8800000000000001,37.685833,64,0.8799999999999999,1.0,0.9333333333333333,0.8799999999999999,0.0
n,n=800,800,binary,rf_boot,2,0.9748742928975487,0.0625,1.0,43.03537200000005,64,1.0,1.0,1.0,1.0,0.0
n,n=800,800,binary,rpm_mlp,0,0.9745116424441319,0.0625,1.0,22.89398749999998,64,1.0,1.0,1.0,1.0,0.0
n,n=800,800,binary,rpm_mlp,1,0.9722602086912989,0.0625,1.0,22.699355399999945,64,1.0,1.0,1.0,1.0,0.0
n,n=800,800,binary,rpm_mlp,2,0.9748742928975487,0.0625,1.0,21.17570599999999,64,1.0,1.0,1.0,1.0,0.0
shape,shape=16x16,16x16,binary,full,0,0.9201489212007505,1.0,1.0,2.8059595000000854,64,0.0625,1.0,0.11764705882352941,0.0625,1.0
shape,shape=16x16,16x16,binary,full,1,0.9172305764411028,1.0,1.0,2.938149899999985,64,0.0625,1.0,0.11764705882352941,0.0625,1.0
shape,shape=16x16,16x16,binary,full,2,0.9198047413163692,1.0,1.0,3.2109768999999915,64,0.0625,1.0,0.11764705882352941,0.0625,1.0
shape,shape=16x16,16x16,binary,anova,0,0.9391601000625391,0.115625,0.5170454545454545,2.1161968000000115,64,0.5609523809523809,1.0,0.7130735930735931,0.5609523809523809,0.1
shape,shape=16x16,16x16,binary,anova,1,0.9480576441102757,0.103125,0.5317207792207792,1.391570999999999,64,0.6142857142857142,1.0,0.7587878787878788,0.6142857142857142,0.0
shape,shape=16x16,16x16,binary,anova,2,0.9545239875181737,0.096875,0.7424603174603175,1.3700402000000622,64,0.6676190476190476,1.0,0.7943434343434344,0.6676190476190476,0.05
shape,shape=16x16,16x16,binary,lasso,0,0.9541031113195746,0.0625,1.0,2.396726899999976,64,1.0,1.0,1.0,1.0,0.0
shape,shape=16x16,16x16,binary,lasso,1,0.9539473684210528,0.0625,1.0,2.489346699999942,64,1.0,1.0,1.0,1.0,0.0
shape,shape=16x16,16x16,binary,lasso,2,0.9532563615412453,0.0625,1.0,2.349892999999952,64,1.0,1.0,1.0,1.0,0.0
shape,shape=16x16,16x16,binary,rfe,0,0.9541031113195746,0.0625,1.0,2.481158800000003,64,1.0,1.0,1.0,1.0,0.0
shape,shape=16x16,16x16,binary,rfe,1,0.9515664160401002,0.11875,0.48285714285714293,2.5450842000000193,64,0.6399999999999999,1.0,0.742857142857143,0.6399999999999999,0.0
shape,shape=16x16,16x16,binary,rfe,2,0.9532563615412453,0.0625,1.0,2.3741474999999355,64,1.0,1.0,1.0,1.0,0.0
shape,shape=16x16,16x16,binary,rf,0,0.9400321294559099,0.10625,0.47479437229437227,4.078977399999985,64,0.6107936507936508,1.0,0.7517637917637918,0.6107936507936508,0.05
shape,shape=16x16,16x16,binary,rf,1,0.9511278195488723,0.1125,0.6032287157287156,4.903969899999993,64,0.5698412698412698,1.0,0.7218648018648018,0.5698412698412698,0.0
shape,shape=16x16,16x16,binary,rf,2,0.9567369166206374,0.128125,0.5803787878787878,5.34119910000004,64,0.5053968253968254,1.0,0.6658941058941059,0.5053968253968254,0.05
shape,shape=16x16,16x16,binary,rpm,0,0.9541031113195746,0.0625,1.0,2.1321609999999964,64,1.0,1.0,1.0,1.0,0.0
shape,shape=16x16,16x16,binary,rpm,1,0.9539473684210528,0.0625,1.0,2.107571300000018,64,1.0,1.0,1.0,1.0,0.0
shape,shape=16x16,16x16,binary,rpm,2,0.9532563615412453,0.0625,1.0,2.4268055000000004,64,1.0,1.0,1.0,1.0,0.0
shape,shape=16x16,16x16,binary,rpm_l0,0,0.9541031113195746,0.0625,1.0,2.7191798000000063,64,1.0,1.0,1.0,1.0,0.0
shape,shape=16x16,16x16,binary,rpm_l0,1,0.9539473684210528,0.075,0.9199999999999999,3.57587280000007,64,0.8400000000000001,1.0,0.9111111111111111,0.8400000000000001,0.0
shape,shape=16x16,16x16,binary,rpm_l0,2,0.9538234323118043,0.078125,0.7,2.329349099999945,64,0.8,1.0,0.888888888888889,0.8,0.0
shape,shape=16x16,16x16,binary,rpm_boot,0,0.9541031113195746,0.0625,1.0,7.355175500000087,64,1.0,1.0,1.0,1.0,0.0
shape,shape=16x16,16x16,binary,rpm_boot,1,0.9539473684210528,0.0625,1.0,6.4996188000000075,64,1.0,1.0,1.0,1.0,0.0
shape,shape=16x16,16x16,binary,rpm_boot,2,0.9532563615412453,0.0625,1.0,6.60827600000016,64,1.0,1.0,1.0,1.0,0.0
shape,shape=16x16,16x16,binary,rpm_ens,0,0.9521031113195747,0.065625,0.9200000000000002,17.594802999999956,64,0.96,1.0,0.9777777777777779,0.96,0.0
shape,shape=16x16,16x16,binary,rpm_ens,1,0.9539473684210528,0.0625,1.0,18.444665199999918,64,1.0,1.0,1.0,1.0,0.0
shape,shape=16x16,16x16,binary,rpm_ens,2,0.9521249976191836,0.065625,0.9200000000000002,15.202613700000029,64,0.96,1.0,0.9777777777777779,0.96,0.0
shape,shape=16x16,16x16,binary,rf_boot,0,0.9440347482801752,0.084375,0.6198412698412699,25.09905600000002,64,0.780952380952381,1.0,0.8654545454545455,0.780952380952381,0.0
shape,shape=16x16,16x16,binary,rf_boot,1,0.9513784461152882,0.08125,0.7248809523809524,29.1668252999998,64,0.8076190476190476,1.0,0.8832323232323231,0.8076190476190476,0.0
shape,shape=16x16,16x16,binary,rf_boot,2,0.9535097200794874,0.08125,0.6772619047619047,30.451928299999963,64,0.8076190476190476,1.0,0.8832323232323234,0.8076190476190476,0.05
shape,shape=16x16,16x16,binary,rpm_mlp,0,0.9541031113195746,0.0625,1.0,15.023095900000044,64,1.0,1.0,1.0,1.0,0.0
shape,shape=16x16,16x16,binary,rpm_mlp,1,0.9538220551378446,0.065625,0.9199999999999999,9.455844299999853,64,0.96,1.0,0.9777777777777779,0.96,0.0
shape,shape=16x16,16x16,binary,rpm_mlp,2,0.9512419925210622,0.071875,0.7971428571428573,10.413744499999893,64,0.8933333333333333,1.0,0.9377777777777778,0.8933333333333333,0.0
shape,shape=24x24,24x24,binary,full,0,0.9225254455909944,1.0,1.0,2.2483087999999043,64,0.0625,1.0,0.11764705882352941,0.0625,1.0
shape,shape=24x24,24x24,binary,full,1,0.9275062656641605,1.0,1.0,2.110789600000089,64,0.0625,1.0,0.11764705882352941,0.0625,1.0
shape,shape=24x24,24x24,binary,full,2,0.9363841113841114,1.0,1.0,2.117596800000001,64,0.0625,1.0,0.11764705882352941,0.0625,1.0
shape,shape=24x24,24x24,binary,anova,0,0.9606047138836772,0.109375,0.5282287157287155,1.2850469999998495,64,0.5965079365079365,1.0,0.7396425796425796,0.5965079365079365,0.15
shape,shape=24x24,24x24,binary,anova,1,0.9607769423558897,0.109375,0.5713383838383839,1.5882647000000816,64,0.5761904761904761,1.0,0.7296969696969698,0.5761904761904761,0.0
shape,shape=24x24,24x24,binary,anova,2,0.9661265388009574,0.09375,0.7517857142857143,1.375856499999827,64,0.6942857142857143,1.0,0.8121212121212121,0.6942857142857143,0.0
shape,shape=24x24,24x24,binary,lasso,0,0.9732350687929955,0.0625,1.0,2.2103345000000445,64,1.0,1.0,1.0,1.0,0.0
shape,shape=24x24,24x24,binary,lasso,1,0.9659147869674184,0.0625,1.0,2.6491157999998904,64,1.0,1.0,1.0,1.0,0.0
shape,shape=24x24,24x24,binary,lasso,2,0.967390553873112,0.0625,1.0,2.146178199999895,64,1.0,1.0,1.0,1.0,0.0
shape,shape=24x24,24x24,binary,rfe,0,0.9708600687929956,0.08125,0.76,2.1448425000000952,64,0.8800000000000001,1.0,0.9142857142857143,0.8800000000000001,0.0
shape,shape=24x24,24x24,binary,rfe,1,0.9659147869674184,0.0625,1.0,2.270586500000036,64,1.0,1.0,1.0,1.0,0.0
shape,shape=24x24,24x24,binary,rfe,2,0.9612793157851298,0.15625,0.41265102802254505,2.462227200000143,64,0.48999999999999994,1.0,0.622857142857143,0.48999999999999994,0.0
shape,shape=24x24,24x24,binary,rf,0,0.9652926047529705,0.084375,0.6714285714285714,3.7348232000001644,64,0.8142857142857143,1.0,0.8787878787878787,0.8142857142857143,0.1
shape,shape=24x24,24x24,binary,rf,1,0.9639724310776943,0.084375,0.6353968253968254,3.6022665999998935,64,0.7676190476190475,1.0,0.861010101010101,0.7676190476190475,0.0
shape,shape=24x24,24x24,binary,rf,2,0.9637998463579859,0.096875,0.5442857142857143,4.058383699999922,64,0.6885714285714284,1.0,0.8020202020202021,0.6885714285714284,0.0
shape,shape=24x24,24x24,binary,rpm,0,0.9732350687929955,0.0625,1.0,1.6078895000000557,64,1.0,1.0,1.0,1.0,0.0
shape,shape=24x24,24x24,binary,rpm,1,0.9659147869674184,0.0625,1.0,1.6926785999999083,64,1.0,1.0,1.0,1.0,0.0
shape,shape=24x24,24x24,binary,rpm,2,0.967390553873112,0.0625,1.0,1.7741896999998517,64,1.0,1.0,1.0,1.0,0.0
shape,shape=24x24,24x24,binary,rpm_l0,0,0.9732350687929955,0.0625,1.0,1.7956452999999328,64,1.0,1.0,1.0,1.0,0.0
shape,shape=24x24,24x24,binary,rpm_l0,1,0.9659147869674184,0.0625,1.0,1.7952150999999503,64,1.0,1.0,1.0,1.0,0.0
shape,shape=24x24,24x24,binary,rpm_l0,2,0.967390553873112,0.0625,1.0,1.8097262999999657,64,1.0,1.0,1.0,1.0,0.0
shape,shape=24x24,24x24,binary,rpm_boot,0,0.9732350687929955,0.0625,1.0,5.094204799999943,64,1.0,1.0,1.0,1.0,0.0
shape,shape=24x24,24x24,binary,rpm_boot,1,0.9659147869674184,0.0625,1.0,5.422784000000092,64,1.0,1.0,1.0,1.0,0.0
shape,shape=24x24,24x24,binary,rpm_boot,2,0.9672642912468493,0.065625,0.9200000000000002,6.066289099999949,64,0.96,1.0,0.9777777777777779,0.96,0.0
shape,shape=24x24,24x24,binary,rpm_ens,0,0.9732350687929955,0.0625,1.0,17.191717600000175,64,1.0,1.0,1.0,1.0,0.0
shape,shape=24x24,24x24,binary,rpm_ens,1,0.9659147869674184,0.0625,1.0,12.416041899999982,64,1.0,1.0,1.0,1.0,0.0
shape,shape=24x24,24x24,binary,rpm_ens,2,0.9688361855513019,0.06875,0.8466666666666667,15.813134900000023,64,0.9199999999999999,1.0,0.9555555555555555,0.9199999999999999,0.0
shape,shape=24x24,24x24,binary,rf_boot,0,0.9703590134459036,0.071875,0.78,21.93761399999994,64,0.8799999999999999,1.0,0.9333333333333333,0.8799999999999999,0.05
shape,shape=24x24,24x24,binary,rf_boot,1,0.9615914786967418,0.08125,0.7004761904761905,21.607541500000025,64,0.8076190476190476,1.0,0.8832323232323234,0.8076190476190476,0.0
shape,shape=24x24,24x24,binary,rf_boot,2,0.9688403519798868,0.078125,0.7123809523809526,23.732461300000068,64,0.8266666666666668,1.0,0.8977777777777778,0.8266666666666668,0.0
shape,shape=24x24,24x24,binary,rpm_mlp,0,0.9732350687929955,0.0625,1.0,9.975523900000098,64,1.0,1.0,1.0,1.0,0.0
shape,shape=24x24,24x24,binary,rpm_mlp,1,0.9659147869674184,0.0625,1.0,10.382833800000071,64,1.0,1.0,1.0,1.0,0.0
shape,shape=24x24,24x24,binary,rpm_mlp,2,0.9693379029134842,0.06875,0.8800000000000001,10.28133989999992,64,0.9199999999999999,1.0,0.9555555555555555,0.9199999999999999,0.0
shape,shape=32x32,32x32,binary,full,0,0.9368447858036273,1.0,1.0,2.3794196000001193,64,0.0625,1.0,0.11764705882352941,0.0625,1.0
shape,shape=32x32,32x32,binary,full,1,0.9243734335839597,1.0,1.0,2.3547369000000344,64,0.0625,1.0,0.11764705882352941,0.0625,1.0
shape,shape=32x32,32x32,binary,full,2,0.9295294633957425,1.0,1.0,2.784883300000047,64,0.0625,1.0,0.11764705882352941,0.0625,1.0
shape,shape=32x32,32x32,binary,anova,0,0.9685455753595995,0.115625,0.5877344877344877,1.3572696000001088,64,0.5476190476190477,1.0,0.7054545454545454,0.5476190476190477,0.15
shape,shape=32x32,32x32,binary,anova,1,0.9564536340852131,0.109375,0.6245887445887446,1.7582852999998977,64,0.6044444444444445,1.0,0.7439316239316239,0.6044444444444445,0.0
shape,shape=32x32,32x32,binary,anova,2,0.9699252503031573,0.090625,0.6282142857142857,1.3702428999999938,64,0.7219047619047618,1.0,0.8286868686868688,0.7219047619047618,0.0
shape,shape=32x32,32x32,binary,lasso,0,0.9711093652282676,0.0625,1.0,2.0663518999999724,64,1.0,1.0,1.0,1.0,0.0
shape,shape=32x32,32x32,binary,lasso,1,0.9644736842105261,0.0625,1.0,2.4164275000000544,64,1.0,1.0,1.0,1.0,0.0
shape,shape=32x32,32x32,binary,lasso,2,0.9573887841329702,0.4125,0.42749999999999994,2.43928649999998,64,0.6266666666666667,1.0,0.65,0.6266666666666667,0.3
shape,shape=32x32,32x32,binary,rfe,0,0.9714845997498436,0.08125,0.76,2.355608299999858,64,0.8800000000000001,1.0,0.9142857142857143,0.8800000000000001,0.0
shape,shape=32x32,32x32,binary,rfe,1,0.9456140350877194,0.23125,0.33913621262458465,4.921087999999827,64,0.45999999999999996,1.0,0.5792207792207793,0.45999999999999996,0.0
shape,shape=32x32,32x32,binary,rfe,2,0.9651859576278181,0.1,0.7,2.380706700000019,64,0.85,1.0,0.8800000000000001,0.85,0.0
shape,shape=32x32,32x32,binary,rf,0,0.9699212398373984,0.1125,0.6611111111111112,3.301924599999893,64,0.5571428571428572,1.0,0.7151515151515151,0.5571428571428572,0.05
shape,shape=32x32,32x32,binary,rf,1,0.9602756892230577,0.096875,0.5447222222222223,3.697096800000054,64,0.68,1.0,0.8,0.68,0.0
shape,shape=32x32,32x32,binary,rf,2,0.968929592912151,0.115625,0.4955555555555556,4.302746700000171,64,0.5428571428571429,1.0,0.7030303030303029,0.5428571428571429,0.0
shape,shape=32x32,32x32,binary,rpm,0,0.9711093652282676,0.0625,1.0,1.5727094000001216,64,1.0,1.0,1.0,1.0,0.0
shape,shape=32x32,32x32,binary,rpm,1,0.9644736842105261,0.0625,1.0,1.7287384000001111,64,1.0,1.0,1.0,1.0,0.0
shape,shape=32x32,32x32,binary,rpm,2,0.9702364626783233,0.0625,1.0,1.7676484999999502,64,1.0,1.0,1.0,1.0,0.0
shape,shape=32x32,32x32,binary,rpm_l0,0,0.9711093652282676,0.0625,1.0,1.8392479999999978,64,1.0,1.0,1.0,1.0,0.0
shape,shape=32x32,32x32,binary,rpm_l0,1,0.963032581453634,0.065625,0.9200000000000002,1.8766210999999657,64,0.96,1.0,0.9777777777777779,0.96,0.0
shape,shape=32x32,32x32,binary,rpm_l0,2,0.9702364626783233,0.0625,1.0,1.9275841999999557,64,1.0,1.0,1.0,1.0,0.0
shape,shape=32x32,32x32,binary,rpm_boot,0,0.9711093652282676,0.0625,1.0,6.39370729999996,64,1.0,1.0,1.0,1.0,0.0
shape,shape=32x32,32x32,binary,rpm_boot,1,0.9644736842105261,0.0625,1.0,7.337274900000011,64,1.0,1.0,1.0,1.0,0.0
shape,shape=32x32,32x32,binary,rpm_boot,2,0.9702364626783233,0.0625,1.0,6.248294199999918,64,1.0,1.0,1.0,1.0,0.0
shape,shape=32x32,32x32,binary,rpm_ens,0,0.9711093652282676,0.0625,1.0,11.829069799999843,64,1.0,1.0,1.0,1.0,0.0
shape,shape=32x32,32x32,binary,rpm_ens,1,0.9644736842105261,0.0625,1.0,17.14878939999994,64,1.0,1.0,1.0,1.0,0.0
shape,shape=32x32,32x32,binary,rpm_ens,2,0.9708649981905797,0.065625,0.9200000000000002,14.053556000000071,64,0.96,1.0,0.9777777777777779,0.96,0.0
shape,shape=32x32,32x32,binary,rf_boot,0,0.9694831926203877,0.08125,0.7547619047619049,23.089313400000037,64,0.7733333333333332,1.0,0.8711111111111112,0.7733333333333332,0.0
shape,shape=32x32,32x32,binary,rf_boot,1,0.9587719298245613,0.075,0.7604761904761904,26.639830800000027,64,0.8533333333333333,1.0,0.9155555555555555,0.8533333333333333,0.0
shape,shape=32x32,32x32,binary,rf_boot,2,0.9687949974287184,0.084375,0.6928571428571428,32.04034120000006,64,0.7466666666666667,1.0,0.8533333333333333,0.7466666666666667,0.0
shape,shape=32x32,32x32,binary,rpm_mlp,0,0.9711093652282676,0.0625,1.0,14.702787400000034,64,1.0,1.0,1.0,1.0,0.0
shape,shape=32x32,32x32,binary,rpm_mlp,1,0.9644736842105261,0.0625,1.0,14.376130200000034,64,1.0,1.0,1.0,1.0,0.0
shape,shape=32x32,32x32,binary,rpm_mlp,2,0.9702364626783233,0.0625,1.0,14.822489800000085,64,1.0,1.0,1.0,1.0,0.0
shape,shape=48x48,48x48,binary,full,0,0.9392168151969982,1.0,1.0,3.4043340000000626,64,0.0625,1.0,0.11764705882352941,0.0625,1.0
shape,shape=48x48,48x48,binary,full,1,0.9452380952380952,1.0,1.0,2.4588168000000223,64,0.0625,1.0,0.11764705882352941,0.0625,1.0
shape,shape=48x48,48x48,binary,full,2,0.9312148432787968,1.0,1.0,2.124308400000018,64,0.0625,1.0,0.11764705882352941,0.0625,1.0
shape,shape=48x48,48x48,binary,anova,0,0.9714223733583489,0.103125,0.6205158730158731,1.3632773000001635,64,0.6266666666666667,1.0,0.7644444444444444,0.6266666666666667,0.15
shape,shape=48x48,48x48,binary,anova,1,0.9582080200501253,0.125,0.6898484848484849,1.5528418999999758,64,0.5063492063492063,1.0,0.6703962703962704,0.5063492063492063,0.0
shape,shape=48x48,48x48,binary,anova,2,0.9691109317562805,0.134375,0.5234776334776334,1.497717400000056,64,0.5282539682539683,1.0,0.6728205128205128,0.5282539682539683,0.0
shape,shape=48x48,48x48,binary,lasso,0,0.9766740931832395,0.0625,1.0,2.2536967999999433,64,1.0,1.0,1.0,1.0,0.0
shape,shape=48x48,48x48,binary,lasso,1,0.9672932330827066,0.065625,0.9199999999999999,2.28740340000013,64,0.96,1.0,0.9777777777777779,0.96,0.0
shape,shape=48x48,48x48,binary,lasso,2,0.9612058279209442,0.428125,0.433734631147541,2.9076916999999867,64,0.6256147540983606,1.0,0.6481447963800905,0.6256147540983606,0.35
shape,shape=48x48,48x48,binary,rfe,0,0.9766740931832395,0.0625,1.0,2.397361099999898,64,1.0,1.0,1.0,1.0,0.0
shape,shape=48x48,48x48,binary,rfe,1,0.96234335839599,0.11875,0.6727272727272726,3.2538480999999138,64,0.8363636363636363,1.0,0.8615384615384615,0.8363636363636363,0.0
shape,shape=48x48,48x48,binary,rfe,2,0.976982069278581,0.0625,1.0,4.625724600000012,64,1.0,1.0,1.0,1.0,0.0
shape,shape=48x48,48x48,binary,rf,0,0.9699214352720451,0.09375,0.6714285714285715,6.138061999999991,64,0.6819047619047618,1.0,0.8064646464646466,0.6819047619047618,0.1
shape,shape=48x48,48x48,binary,rf,1,0.9638471177944862,0.11875,0.5983244533244533,5.039436100000103,64,0.5444444444444445,1.0,0.6994871794871794,0.5444444444444445,0.0
shape,shape=48x48,48x48,binary,rf,2,0.9705621186725837,0.125,0.47533022533022534,5.147588000000042,64,0.5133333333333333,1.0,0.6742857142857143,0.5133333333333333,0.0
shape,shape=48x48,48x48,binary,rpm,0,0.9766740931832395,0.0625,1.0,2.343448599999874,64,1.0,1.0,1.0,1.0,0.0
shape,shape=48x48,48x48,binary,rpm,1,0.9661027568922306,0.0625,1.0,2.3627544000000853,64,1.0,1.0,1.0,1.0,0.0
shape,shape=48x48,48x48,binary,rpm,2,0.976982069278581,0.0625,1.0,2.3047988999999234,64,1.0,1.0,1.0,1.0,0.0
shape,shape=48x48,48x48,binary,rpm_l0,0,0.9766740931832395,0.0625,1.0,2.215743199999906,64,1.0,1.0,1.0,1.0,0.0
shape,shape=48x48,48x48,binary,rpm_l0,1,0.9661027568922306,0.0625,1.0,2.340170599999965,64,1.0,1.0,1.0,1.0,0.0
shape,shape=48x48,48x48,binary,rpm_l0,2,0.976982069278581,0.0625,1.0,2.7535336000000825,64,1.0,1.0,1.0,1.0,0.0
shape,shape=48x48,48x48,binary,rpm_boot,0,0.9766740931832395,0.0625,1.0,6.865651000000071,64,1.0,1.0,1.0,1.0,0.0
shape,shape=48x48,48x48,binary,rpm_boot,1,0.9672932330827066,0.065625,0.9199999999999999,6.760517400000026,64,0.96,1.0,0.9777777777777779,0.96,0.0
shape,shape=48x48,48x48,binary,rpm_boot,2,0.976982069278581,0.0625,1.0,6.997076399999969,64,1.0,1.0,1.0,1.0,0.0
shape,shape=48x48,48x48,binary,rpm_ens,0,0.9766740931832395,0.0625,1.0,20.948759699999982,64,1.0,1.0,1.0,1.0,0.0
shape,shape=48x48,48x48,binary,rpm_ens,1,0.9672932330827066,0.065625,0.9199999999999999,21.48097310000003,64,0.96,1.0,0.9777777777777779,0.96,0.0
shape,shape=48x48,48x48,binary,rpm_ens,2,0.976982069278581,0.0625,1.0,25.900198199999977,64,1.0,1.0,1.0,1.0,0.0
shape,shape=48x48,48x48,binary,rf_boot,0,0.9741115540963102,0.078125,0.7339285714285714,33.86477609999997,64,0.8476190476190476,1.0,0.9054545454545455,0.8476190476190476,0.0
shape,shape=48x48,48x48,binary,rf_boot,1,0.9677318295739348,0.084375,0.6980952380952381,32.55652280000004,64,0.7676190476190475,1.0,0.861010101010101,0.7676190476190475,0.0
shape,shape=48x48,48x48,binary,rf_boot,2,0.9758532052136702,0.08125,0.6471428571428571,24.79077570000004,64,0.7942857142857143,1.0,0.8787878787878789,0.7942857142857143,0.0
shape,shape=48x48,48x48,binary,rpm_mlp,0,0.9766740931832395,0.0625,1.0,9.898512600000004,64,1.0,1.0,1.0,1.0,0.0
shape,shape=48x48,48x48,binary,rpm_mlp,1,0.9672932330827066,0.065625,0.9199999999999999,12.61151649999988,64,0.96,1.0,0.9777777777777779,0.96,0.0
shape,shape=48x48,48x48,binary,rpm_mlp,2,0.976982069278581,0.0625,1.0,11.414697499999875,64,1.0,1.0,1.0,1.0,0.0
noise,noise=0.5,0.5,binary,full,0,0.9386591228893059,1.0,1.0,3.0689210999998977,64,0.0625,1.0,0.11764705882352941,0.0625,1.0
noise,noise=0.5,0.5,binary,full,1,0.9265037593984962,1.0,1.0,2.7831094000000576,64,0.0625,1.0,0.11764705882352941,0.0625,1.0
noise,noise=0.5,0.5,binary,full,2,0.9355717371705744,1.0,1.0,2.9328689999999824,64,0.0625,1.0,0.11764705882352941,0.0625,1.0
noise,noise=0.5,0.5,binary,anova,0,0.9718591697936212,0.115625,0.5877344877344877,2.1356060000000525,64,0.5476190476190477,1.0,0.7054545454545454,0.5476190476190477,0.15
noise,noise=0.5,0.5,binary,anova,1,0.9644110275689222,0.109375,0.6245887445887446,1.960929999999962,64,0.6044444444444445,1.0,0.7439316239316239,0.6044444444444445,0.0
noise,noise=0.5,0.5,binary,anova,2,0.971559442635024,0.090625,0.6282142857142857,2.0019933999999466,64,0.7219047619047618,1.0,0.8286868686868688,0.7219047619047618,0.0
noise,noise=0.5,0.5,binary,lasso,0,0.9759869449656036,0.0625,1.0,3.134356099999877,64,1.0,1.0,1.0,1.0,0.0
noise,noise=0.5,0.5,binary,lasso,1,0.969736842105263,0.0625,1.0,3.040432199999941,64,1.0,1.0,1.0,1.0,0.0
noise,noise=0.5,0.5,binary,lasso,2,0.9499656765645138,0.6125,0.4258333333333333,4.457276399999955,64,0.43833333333333335,1.0,0.47205882352941175,0.43833333333333335,0.6
noise,noise=0.5,0.5,binary,rfe,0,0.9721720606629143,0.1,0.7,3.1529998000000887,64,0.85,1.0,0.8800000000000001,0.85,0.0
noise,noise=0.5,0.5,binary,rfe,1,0.9577067669172932,0.11875,0.5318421052631578,3.535257300000012,64,0.73,1.0,0.7942857142857143,0.73,0.0
noise,noise=0.5,0.5,binary,rfe,2,0.9651353256004418,0.26875,0.3396273753128592,3.770420300000069,64,0.36493506493506495,1.0,0.47153846153846146,0.36493506493506495,0.0
noise,noise=0.5,0.5,binary,rf,0,0.975423897748593,0.1,0.6906746031746032,5.483498599999848,64,0.6361904761904762,1.0,0.7741414141414141,0.6361904761904762,0.05
noise,noise=0.5,0.5,binary,rf,1,0.9664160401002506,0.090625,0.5765873015873015,5.430478300000004,64,0.7142857142857142,1.0,0.8254545454545454,0.7142857142857142,0.0
noise,noise=0.5,0.5,binary,rf,2,0.9676561339352038,0.121875,0.5465656565656566,5.552015600000004,64,0.5222222222222223,1.0,0.6830769230769229,0.5222222222222223,0.0
noise,noise=0.5,0.5,binary,rpm,0,0.9759869449656036,0.0625,1.0,2.4243999999998778,64,1.0,1.0,1.0,1.0,0.0
noise,noise=0.5,0.5,binary,rpm,1,0.969736842105263,0.0625,1.0,2.7485408000000007,64,1.0,1.0,1.0,1.0,0.0
noise,noise=0.5,0.5,binary,rpm,2,0.9745808572843456,0.0625,1.0,2.309375300000056,64,1.0,1.0,1.0,1.0,0.0
noise,noise=0.5,0.5,binary,rpm_l0,0,0.9759869449656036,0.0625,1.0,2.676551500000187,64,1.0,1.0,1.0,1.0,0.0
noise,noise=0.5,0.5,binary,rpm_l0,1,0.969736842105263,0.0625,1.0,2.6651114999999663,64,1.0,1.0,1.0,1.0,0.0
noise,noise=0.5,0.5,binary,rpm_l0,2,0.9745808572843456,0.0625,1.0,2.3309220000001005,64,1.0,1.0,1.0,1.0,0.0
noise,noise=0.5,0.5,binary,rpm_boot,0,0.9759869449656036,0.0625,1.0,7.150544800000034,64,1.0,1.0,1.0,1.0,0.0
noise,noise=0.5,0.5,binary,rpm_boot,1,0.969736842105263,0.0625,1.0,7.960199099999954,64,1.0,1.0,1.0,1.0,0.0
noise,noise=0.5,0.5,binary,rpm_boot,2,0.9745808572843456,0.0625,1.0,7.879579299999932,64,1.0,1.0,1.0,1.0,0.0
noise,noise=0.5,0.5,binary,rpm_ens,0,0.9759869449656036,0.0625,1.0,15.424620900000036,64,1.0,1.0,1.0,1.0,0.0
noise,noise=0.5,0.5,binary,rpm_ens,1,0.969736842105263,0.0625,1.0,14.338755899999796,64,1.0,1.0,1.0,1.0,0.0
noise,noise=0.5,0.5,binary,rpm_ens,2,0.9745808572843456,0.0625,1.0,16.17327000000023,64,1.0,1.0,1.0,1.0,0.0
noise,noise=0.5,0.5,binary,rf_boot,0,0.9785510084427769,0.08125,0.7242857142857143,22.06022099999973,64,0.7866666666666666,1.0,0.8755555555555556,0.7866666666666666,0.0
noise,noise=0.5,0.5,binary,rf_boot,1,0.9667919799498748,0.075,0.7714285714285715,22.9238806999997,64,0.8666666666666666,1.0,0.9199999999999999,0.8666666666666666,0.0
noise,noise=0.5,0.5,binary,rf_boot,2,0.9730707054834962,0.078125,0.7638095238095237,35.48499440000023,64,0.8133333333333332,1.0,0.8933333333333333,0.8133333333333332,0.0
noise,noise=0.5,0.5,binary,rpm_mlp,0,0.971921904315197,0.109375,0.5528409090909091,15.899328699999842,64,0.7393939393939395,1.0,0.8066666666666666,0.7393939393939395,0.05
noise,noise=0.5,0.5,binary,rpm_mlp,1,0.969736842105263,0.0625,1.0,15.16878799999995,64,1.0,1.0,1.0,1.0,0.0
noise,noise=0.5,0.5,binary,rpm_mlp,2,0.9745808572843456,0.0625,1.0,16.17085270000007,64,1.0,1.0,1.0,1.0,0.0
noise,noise=1.0,1.0,binary,full,0,0.9368447858036273,1.0,1.0,3.7562464000002365,64,0.0625,1.0,0.11764705882352941,0.0625,1.0
noise,noise=1.0,1.0,binary,full,1,0.9243734335839597,1.0,1.0,3.3920771000002787,64,0.0625,1.0,0.11764705882352941,0.0625,1.0
noise,noise=1.0,1.0,binary,full,2,0.9295294633957425,1.0,1.0,3.413207500000226,64,0.0625,1.0,0.11764705882352941,0.0625,1.0
noise,noise=1.0,1.0,binary,anova,0,0.9685455753595995,0.115625,0.5877344877344877,2.401582200000121,64,0.5476190476190477,1.0,0.7054545454545454,0.5476190476190477,0.15
noise,noise=1.0,1.0,binary,anova,1,0.9564536340852131,0.109375,0.6245887445887446,2.53426300000001,64,0.6044444444444445,1.0,0.7439316239316239,0.6044444444444445,0.0
noise,noise=1.0,1.0,binary,anova,2,0.9699252503031573,0.090625,0.6282142857142857,1.343964700000015,64,0.7219047619047618,1.0,0.8286868686868688,0.7219047619047618,0.0
noise,noise=1.0,1.0,binary,lasso,0,0.9711093652282676,0.0625,1.0,2.00141050000002,64,1.0,1.0,1.0,1.0,0.0
noise,noise=1.0,1.0,binary,lasso,1,0.9644736842105261,0.0625,1.0,2.084937500000251,64,1.0,1.0,1.0,1.0,0.0
noise,noise=1.0,1.0,binary,lasso,2,0.9573887841329702,0.4125,0.42749999999999994,2.5319727000000967,64,0.6266666666666667,1.0,0.65,0.6266666666666667,0.3
noise,noise=1.0,1.0,binary,rfe,0,0.9714845997498436,0.08125,0.76,2.3229661000000306,64,0.8800000000000001,1.0,0.9142857142857143,0.8800000000000001,0.0
noise,noise=1.0,1.0,binary,rfe,1,0.9456140350877194,0.23125,0.33913621262458465,2.4249644000001354,64,0.45999999999999996,1.0,0.5792207792207793,0.45999999999999996,0.0
noise,noise=1.0,1.0,binary,rfe,2,0.9651859576278181,0.1,0.7,2.4790305000001354,64,0.85,1.0,0.8800000000000001,0.85,0.0
noise,noise=1.0,1.0,binary,rf,0,0.9699212398373984,0.1125,0.6611111111111112,4.357358000000204,64,0.5571428571428572,1.0,0.7151515151515151,0.5571428571428572,0.05
noise,noise=1.0,1.0,binary,rf,1,0.9602756892230577,0.096875,0.5447222222222223,3.441208700000061,64,0.68,1.0,0.8,0.68,0.0
noise,noise=1.0,1.0,binary,rf,2,0.968929592912151,0.115625,0.4955555555555556,4.577209699999912,64,0.5428571428571429,1.0,0.7030303030303029,0.5428571428571429,0.0
noise,noise=1.0,1.0,binary,rpm,0,0.9711093652282676,0.0625,1.0,2.994471099999828,64,1.0,1.0,1.0,1.0,0.0
noise,noise=1.0,1.0,binary,rpm,1,0.9644736842105261,0.0625,1.0,2.5034200999998575,64,1.0,1.0,1.0,1.0,0.0
noise,noise=1.0,1.0,binary,rpm,2,0.9702364626783233,0.0625,1.0,1.6600873000002139,64,1.0,1.0,1.0,1.0,0.0
noise,noise=1.0,1.0,binary,rpm_l0,0,0.9711093652282676,0.0625,1.0,2.2080221000001075,64,1.0,1.0,1.0,1.0,0.0
noise,noise=1.0,1.0,binary,rpm_l0,1,0.963032581453634,0.065625,0.9200000000000002,1.6991083000002618,64,0.96,1.0,0.9777777777777779,0.96,0.0
noise,noise=1.0,1.0,binary,rpm_l0,2,0.9702364626783233,0.0625,1.0,2.0282876000001124,64,1.0,1.0,1.0,1.0,0.0
noise,noise=1.0,1.0,binary,rpm_boot,0,0.9711093652282676,0.0625,1.0,4.8771231000000625,64,1.0,1.0,1.0,1.0,0.0
noise,noise=1.0,1.0,binary,rpm_boot,1,0.9644736842105261,0.0625,1.0,4.773796200000106,64,1.0,1.0,1.0,1.0,0.0
noise,noise=1.0,1.0,binary,rpm_boot,2,0.9702364626783233,0.0625,1.0,4.6894037000001845,64,1.0,1.0,1.0,1.0,0.0
noise,noise=1.0,1.0,binary,rpm_ens,0,0.9711093652282676,0.0625,1.0,13.745155300000079,64,1.0,1.0,1.0,1.0,0.0
noise,noise=1.0,1.0,binary,rpm_ens,1,0.9644736842105261,0.0625,1.0,14.151044300000194,64,1.0,1.0,1.0,1.0,0.0
noise,noise=1.0,1.0,binary,rpm_ens,2,0.9708649981905797,0.065625,0.9200000000000002,12.897176299999956,64,0.96,1.0,0.9777777777777779,0.96,0.0
noise,noise=1.0,1.0,binary,rf_boot,0,0.9694831926203877,0.08125,0.7547619047619049,21.05070459999979,64,0.7733333333333332,1.0,0.8711111111111112,0.7733333333333332,0.0
noise,noise=1.0,1.0,binary,rf_boot,1,0.9587719298245613,0.075,0.7604761904761904,21.63542439999992,64,0.8533333333333333,1.0,0.9155555555555555,0.8533333333333333,0.0
noise,noise=1.0,1.0,binary,rf_boot,2,0.9687949974287184,0.084375,0.6928571428571428,25.193769699999848,64,0.7466666666666667,1.0,0.8533333333333333,0.7466666666666667,0.0
noise,noise=1.0,1.0,binary,rpm_mlp,0,0.9711093652282676,0.0625,1.0,9.983819699999913,64,1.0,1.0,1.0,1.0,0.0
noise,noise=1.0,1.0,binary,rpm_mlp,1,0.9644736842105261,0.0625,1.0,12.186705000000075,64,1.0,1.0,1.0,1.0,0.0
noise,noise=1.0,1.0,binary,rpm_mlp,2,0.9702364626783233,0.0625,1.0,10.080330499999945,64,1.0,1.0,1.0,1.0,0.0
noise,noise=2.0,2.0,binary,full,0,0.9246491948092558,1.0,1.0,2.290195899999617,64,0.0625,1.0,0.11764705882352941,0.0625,1.0
noise,noise=2.0,2.0,binary,full,1,0.9154761904761906,1.0,1.0,2.1408715999996275,64,0.0625,1.0,0.11764705882352941,0.0625,1.0
noise,noise=2.0,2.0,binary,full,2,0.9133906237103911,1.0,1.0,2.449704600000132,64,0.0625,1.0,0.11764705882352941,0.0625,1.0
noise,noise=2.0,2.0,binary,anova,0,0.9626041666666667,0.115625,0.5877344877344877,1.6188642000001892,64,0.5476190476190477,1.0,0.7054545454545454,0.5476190476190477,0.15
noise,noise=2.0,2.0,binary,anova,1,0.9436716791979951,0.109375,0.6245887445887446,1.8635150000000067,64,0.6044444444444445,1.0,0.7439316239316239,0.6044444444444445,0.0
noise,noise=2.0,2.0,binary,anova,2,0.9470396929699255,0.090625,0.6282142857142857,1.6047954999999092,64,0.7219047619047618,1.0,0.8286868686868688,0.7219047619047618,0.0
noise,noise=2.0,2.0,binary,lasso,0,0.9552267432770482,0.0625,1.0,2.4542320000000473,64,1.0,1.0,1.0,1.0,0.0
noise,noise=2.0,2.0,binary,lasso,1,0.9511278195488723,0.0625,1.0,2.534876599999734,64,1.0,1.0,1.0,1.0,0.0
noise,noise=2.0,2.0,binary,lasso,2,0.9335295125992801,0.621875,0.43457341269841265,3.3321993000004113,64,0.43769841269841264,1.0,0.47093942054433713,0.43769841269841264,0.6
noise,noise=2.0,2.0,binary,rfe,0,0.9567276813633521,0.08125,0.76,2.1890895999999884,64,0.8800000000000001,1.0,0.9142857142857143,0.8800000000000001,0.0
noise,noise=2.0,2.0,binary,rfe,1,0.9331453634085213,0.26875,0.48069391049267207,2.668707699999686,64,0.2835294117647059,1.0,0.4306766917293233,0.2835294117647059,0.05
noise,noise=2.0,2.0,binary,rfe,2,0.9559078766927606,0.0625,1.0,2.2699280000001636,64,1.0,1.0,1.0,1.0,0.0
noise,noise=2.0,2.0,binary,rf,0,0.9576635787992496,0.1,0.6839285714285714,3.720963700000084,64,0.6361904761904761,1.0,0.7741414141414144,0.6361904761904761,0.05
noise,noise=2.0,2.0,binary,rf,1,0.9397869674185465,0.103125,0.5292857142857144,4.01494109999976,64,0.6422222222222222,1.0,0.7719658119658119,0.6422222222222222,0.0
noise,noise=2.0,2.0,binary,rf,2,0.9519544914893752,0.125,0.506060606060606,5.5027829000000565,64,0.5085714285714286,1.0,0.6718614718614718,0.5085714285714286,0.0
noise,noise=2.0,2.0,binary,rpm,0,0.9552267432770482,0.0625,1.0,1.5940083999998933,64,1.0,1.0,1.0,1.0,0.0
noise,noise=2.0,2.0,binary,rpm,1,0.9511278195488723,0.0625,1.0,1.6865985999997974,64,1.0,1.0,1.0,1.0,0.0
noise,noise=2.0,2.0,binary,rpm,2,0.9559078766927606,0.0625,1.0,1.578957800000353,64,1.0,1.0,1.0,1.0,0.0
noise,noise=2.0,2.0,binary,rpm_l0,0,0.9558521341463415,0.06875,0.8466666666666667,1.6193248999998104,64,0.9199999999999999,1.0,0.9555555555555555,0.9199999999999999,0.0
noise,noise=2.0,2.0,binary,rpm_l0,1,0.9435463659147869,0.0875,0.631547619047619,1.6880396999999903,64,0.7276190476190476,1.0,0.8387878787878789,0.7276190476190476,0.05
noise,noise=2.0,2.0,binary,rpm_l0,2,0.9559078766927606,0.0625,1.0,1.7010113000001184,64,1.0,1.0,1.0,1.0,0.0
noise,noise=2.0,2.0,binary,rpm_boot,0,0.9552267432770482,0.0625,1.0,5.310041300000194,64,1.0,1.0,1.0,1.0,0.0
noise,noise=2.0,2.0,binary,rpm_boot,1,0.9538220551378446,0.06875,0.8466666666666667,4.615976499999761,64,0.9199999999999999,1.0,0.9555555555555555,0.9199999999999999,0.05
noise,noise=2.0,2.0,binary,rpm_boot,2,0.9559078766927606,0.0625,1.0,4.721325200000138,64,1.0,1.0,1.0,1.0,0.0
noise,noise=2.0,2.0,binary,rpm_ens,0,0.9552267432770482,0.0625,1.0,13.997579899999891,64,1.0,1.0,1.0,1.0,0.0
noise,noise=2.0,2.0,binary,rpm_ens,1,0.9487468671679199,0.065625,0.9199999999999999,12.87488409999969,64,0.96,1.0,0.9777777777777779,0.96,0.0
noise,noise=2.0,2.0,binary,rpm_ens,2,0.9559078766927606,0.0625,1.0,13.294697599999836,64,1.0,1.0,1.0,1.0,0.0
noise,noise=2.0,2.0,binary,rf_boot,0,0.9552261960600376,0.08125,0.7547619047619049,20.97768760000008,64,0.7733333333333332,1.0,0.8711111111111112,0.7733333333333332,0.0
noise,noise=2.0,2.0,binary,rf_boot,1,0.9489348370927319,0.075,0.7604761904761904,21.072855099999742,64,0.8533333333333333,1.0,0.9155555555555555,0.8533333333333333,0.0
noise,noise=2.0,2.0,binary,rf_boot,2,0.9602703258226514,0.08125,0.7142857142857143,23.600779899999907,64,0.7733333333333332,1.0,0.8711111111111112,0.7733333333333332,0.0
noise,noise=2.0,2.0,binary,rpm_mlp,0,0.9552267432770482,0.0625,1.0,11.29228349999994,64,1.0,1.0,1.0,1.0,0.0
noise,noise=2.0,2.0,binary,rpm_mlp,1,0.9501879699248119,0.078125,0.7042857142857143,11.837832000000162,64,0.8133333333333335,1.0,0.8933333333333333,0.8133333333333335,0.05
noise,noise=2.0,2.0,binary,rpm_mlp,2,0.9556553514402353,0.065625,0.9199999999999999,9.948908500000016,64,0.96,1.0,0.9777777777777779,0.96,0.0
noise,noise=4.0,4.0,binary,full,0,0.8726231238273922,1.0,1.0,2.026486699999623,64,0.0625,1.0,0.11764705882352941,0.0625,1.0
noise,noise=4.0,4.0,binary,full,1,0.8466165413533835,1.0,1.0,2.1313680999996905,64,0.0625,1.0,0.11764705882352941,0.0625,1.0
noise,noise=4.0,4.0,binary,full,2,0.840902107181177,1.0,1.0,2.191737099999955,64,0.0625,1.0,0.11764705882352941,0.0625,1.0
noise,noise=4.0,4.0,binary,anova,0,0.9155826297686053,0.115625,0.5877344877344877,1.3308154999999715,64,0.5476190476190477,1.0,0.7054545454545454,0.5476190476190477,0.15
noise,noise=4.0,4.0,binary,anova,1,0.8859649122807017,0.109375,0.6245887445887446,1.3769502999998622,64,0.6044444444444445,1.0,0.7439316239316239,0.6044444444444445,0.0
noise,noise=4.0,4.0,binary,anova,2,0.8936319115098185,0.090625,0.6282142857142857,1.3157024000001911,64,0.7219047619047618,1.0,0.8286868686868688,0.7219047619047618,0.0
noise,noise=4.0,4.0,binary,lasso,0,0.9109544246404002,0.0625,1.0,2.619171300000289,64,1.0,1.0,1.0,1.0,0.0
noise,noise=4.0,4.0,binary,lasso,1,0.8912280701754387,0.0625,1.0,2.640371100000266,64,1.0,1.0,1.0,1.0,0.0
noise,noise=4.0,4.0,binary,lasso,2,0.9025084280898235,0.0625,1.0,2.4700831999998627,64,1.0,1.0,1.0,1.0,0.0
noise,noise=4.0,4.0,binary,rfe,0,0.914519152595372,0.08125,0.76,2.4006297999999333,64,0.8800000000000001,1.0,0.9142857142857143,0.8800000000000001,0.0
noise,noise=4.0,4.0,binary,rfe,1,0.8854010025062656,0.1,0.6218181818181818,2.3919622000003073,64,0.76,1.0,0.8285714285714286,0.76,0.0
noise,noise=4.0,4.0,binary,rfe,2,0.9025084280898235,0.0625,1.0,2.2573326000001543,64,1.0,1.0,1.0,1.0,0.0
noise,noise=4.0,4.0,binary,rf,0,0.9159570434646656,0.13125,0.5448426573426574,4.126840500000071,64,0.5003463203463203,1.0,0.6597402597402597,0.5003463203463203,0.1
noise,noise=4.0,4.0,binary,rf,1,0.8850250626566417,0.15625,0.4283882783882785,4.04395999999997,64,0.40444444444444444,1.0,0.5747252747252748,0.40444444444444444,0.0
noise,noise=4.0,4.0,binary,rf,2,0.8984165587363261,0.146875,0.47193806193806187,3.566806600000291,64,0.43751803751803753,1.0,0.6049417249417249,0.43751803751803753,0.0
noise,noise=4.0,4.0,binary,rpm,0,0.8982589899937461,0.059375,0.9,1.7965893000000506,64,1.0,0.95,0.9714285714285715,0.95,0.0
noise,noise=4.0,4.0,binary,rpm,1,0.681578947368421,0.025,0.2333333333333333,2.067604299999857,64,1.0,0.4,0.5447619047619047,0.4,0.0
noise,noise=4.0,4.0,binary,rpm,2,0.9025084280898235,0.0625,1.0,1.645636000000195,64,1.0,1.0,1.0,1.0,0.0
noise,noise=4.0,4.0,binary,rpm_l0,0,0.9207730612883053,0.078125,0.79,1.8087143999996442,64,0.8133333333333332,1.0,0.8933333333333333,0.8133333333333332,0.0
noise,noise=4.0,4.0,binary,rpm_l0,1,0.8763784461152883,0.1,0.6517857142857143,1.756383999999798,64,0.6285714285714284,1.0,0.7709090909090909,0.6285714285714284,0.0
noise,noise=4.0,4.0,binary,rpm_l0,2,0.9025084280898235,0.0625,1.0,1.7275202000000718,64,1.0,1.0,1.0,1.0,0.0
noise,noise=4.0,4.0,binary,rpm_boot,0,0.9125179018136336,0.075,0.7604761904761904,4.454698600000029,64,0.8533333333333333,1.0,0.9155555555555555,0.8533333333333333,0.0
noise,noise=4.0,4.0,binary,rpm_boot,1,0.881328320802005,0.1125,0.5821212121212122,4.6544622000001254,64,0.5822222222222222,1.0,0.7275213675213674,0.5822222222222222,0.1
noise,noise=4.0,4.0,binary,rpm_boot,2,0.8984866340970992,0.078125,0.690952380952381,4.523868400000083,64,0.8266666666666665,1.0,0.8977777777777778,0.8266666666666665,0.0
noise,noise=4.0,4.0,binary,rpm_ens,0,0.9103932926829268,0.090625,0.5799603174603174,12.943056199999774,64,0.7142857142857142,1.0,0.8254545454545454,0.7142857142857142,0.0
noise,noise=4.0,4.0,binary,rpm_ens,1,0.887406015037594,0.084375,0.6928571428571428,13.134159799999907,64,0.7466666666666667,1.0,0.8533333333333333,0.7466666666666667,0.0
noise,noise=4.0,4.0,binary,rpm_ens,2,0.8961421648921648,0.08125,0.6647619047619047,12.50202229999968,64,0.7866666666666667,1.0,0.8755555555555556,0.7866666666666667,0.0
noise,noise=4.0,4.0,binary,rf_boot,0,0.9178329033771107,0.090625,0.7458333333333333,22.48277740000003,64,0.7133333333333334,1.0,0.8266666666666668,0.7133333333333334,0.0
noise,noise=4.0,4.0,binary,rf_boot,1,0.8743107769423559,0.096875,0.5429761904761905,21.325147600000037,64,0.6809523809523809,1.0,0.7987878787878788,0.6809523809523809,0.0
noise,noise=4.0,4.0,binary,rf_boot,2,0.8977193366728251,0.096875,0.585515873015873,21.999462799999947,64,0.6676190476190476,1.0,0.7943434343434344,0.6676190476190476,0.0
noise,noise=4.0,4.0,binary,rpm_mlp,0,0.9106428236397747,0.090625,0.5784126984126985,9.704030700000203,64,0.7428571428571427,1.0,0.8363636363636365,0.7428571428571427,0.0
noise,noise=4.0,4.0,binary,rpm_mlp,1,0.8912280701754387,0.0625,1.0,10.195690399999876,64,1.0,1.0,1.0,1.0,0.0
noise,noise=4.0,4.0,binary,rpm_mlp,2,0.9025084280898235,0.0625,1.0,13.242166700000325,64,1.0,1.0,1.0,1.0,0.0
signal,signal=1.0,1.0,binary,full,0,0.9246491948092558,1.0,1.0,2.846017800000027,64,0.0625,1.0,0.11764705882352941,0.0625,1.0
signal,signal=1.0,1.0,binary,full,1,0.9154761904761906,1.0,1.0,2.3209873999999218,64,0.0625,1.0,0.11764705882352941,0.0625,1.0
signal,signal=1.0,1.0,binary,full,2,0.9133906237103911,1.0,1.0,2.322345800000221,64,0.0625,1.0,0.11764705882352941,0.0625,1.0
signal,signal=1.0,1.0,binary,anova,0,0.9626041666666667,0.115625,0.5877344877344877,1.2200105000001713,64,0.5476190476190477,1.0,0.7054545454545454,0.5476190476190477,0.15
signal,signal=1.0,1.0,binary,anova,1,0.9436716791979951,0.109375,0.6245887445887446,1.257763999999952,64,0.6044444444444445,1.0,0.7439316239316239,0.6044444444444445,0.0
signal,signal=1.0,1.0,binary,anova,2,0.9470396929699255,0.090625,0.6282142857142857,1.2497455000002446,64,0.7219047619047618,1.0,0.8286868686868688,0.7219047619047618,0.0
signal,signal=1.0,1.0,binary,lasso,0,0.9552267432770482,0.0625,1.0,2.6986268000000564,64,1.0,1.0,1.0,1.0,0.0
signal,signal=1.0,1.0,binary,lasso,1,0.9511278195488723,0.0625,1.0,3.108482500000264,64,1.0,1.0,1.0,1.0,0.0
signal,signal=1.0,1.0,binary,lasso,2,0.9335295125992801,0.621875,0.43457341269841265,4.722959700000047,64,0.43769841269841264,1.0,0.47093942054433713,0.43769841269841264,0.6
signal,signal=1.0,1.0,binary,rfe,0,0.9537883442776736,0.1,0.582857142857143,3.7796048999998675,64,0.76,1.0,0.8285714285714286,0.76,0.0
signal,signal=1.0,1.0,binary,rfe,1,0.9393483709273184,0.23125,0.3621277793414016,4.439724100000149,64,0.5398930481283423,1.0,0.6179294389820706,0.5398930481283423,0.05
signal,signal=1.0,1.0,binary,rfe,2,0.9559078766927606,0.0625,1.0,3.3077487000000474,64,1.0,1.0,1.0,1.0,0.0
signal,signal=1.0,1.0,binary,rf,0,0.9576635787992496,0.1,0.6839285714285714,3.3342651999996633,64,0.6361904761904761,1.0,0.7741414141414144,0.6361904761904761,0.05
signal,signal=1.0,1.0,binary,rf,1,0.9397869674185465,0.103125,0.5292857142857144,3.7325505999997404,64,0.6422222222222222,1.0,0.7719658119658119,0.6422222222222222,0.0
signal,signal=1.0,1.0,binary,rf,2,0.9519544914893752,0.125,0.506060606060606,3.423279200000252,64,0.5085714285714286,1.0,0.6718614718614718,0.5085714285714286,0.0
signal,signal=1.0,1.0,binary,rpm,0,0.9552267432770482,0.0625,1.0,1.618869899999936,64,1.0,1.0,1.0,1.0,0.0
signal,signal=1.0,1.0,binary,rpm,1,0.9511278195488723,0.0625,1.0,1.7488613000000441,64,1.0,1.0,1.0,1.0,0.0
signal,signal=1.0,1.0,binary,rpm,2,0.9559078766927606,0.0625,1.0,1.7139234999999644,64,1.0,1.0,1.0,1.0,0.0
signal,signal=1.0,1.0,binary,rpm_l0,0,0.9558521341463415,0.06875,0.8466666666666667,1.7870358999998643,64,0.9199999999999999,1.0,0.9555555555555555,0.9199999999999999,0.0
signal,signal=1.0,1.0,binary,rpm_l0,1,0.9435463659147869,0.0875,0.631547619047619,1.654825399999936,64,0.7276190476190476,1.0,0.8387878787878789,0.7276190476190476,0.05
signal,signal=1.0,1.0,binary,rpm_l0,2,0.9559078766927606,0.0625,1.0,1.617206399999759,64,1.0,1.0,1.0,1.0,0.0
signal,signal=1.0,1.0,binary,rpm_boot,0,0.9552267432770482,0.0625,1.0,4.929608599999938,64,1.0,1.0,1.0,1.0,0.0
signal,signal=1.0,1.0,binary,rpm_boot,1,0.9538220551378446,0.06875,0.8466666666666667,5.23581379999996,64,0.9199999999999999,1.0,0.9555555555555555,0.9199999999999999,0.05
signal,signal=1.0,1.0,binary,rpm_boot,2,0.9559078766927606,0.0625,1.0,6.7734104000001025,64,1.0,1.0,1.0,1.0,0.0
signal,signal=1.0,1.0,binary,rpm_ens,0,0.9552267432770482,0.0625,1.0,24.65720539999984,64,1.0,1.0,1.0,1.0,0.0
signal,signal=1.0,1.0,binary,rpm_ens,1,0.9487468671679199,0.065625,0.9199999999999999,14.300630100000035,64,0.96,1.0,0.9777777777777779,0.96,0.0
signal,signal=1.0,1.0,binary,rpm_ens,2,0.9559078766927606,0.0625,1.0,13.830661699999837,64,1.0,1.0,1.0,1.0,0.0
signal,signal=1.0,1.0,binary,rf_boot,0,0.9552261960600376,0.08125,0.7547619047619049,21.34713210000018,64,0.7733333333333332,1.0,0.8711111111111112,0.7733333333333332,0.0
signal,signal=1.0,1.0,binary,rf_boot,1,0.9489348370927319,0.075,0.7604761904761904,20.464204099999733,64,0.8533333333333333,1.0,0.9155555555555555,0.8533333333333333,0.0
signal,signal=1.0,1.0,binary,rf_boot,2,0.9602703258226514,0.08125,0.7142857142857143,21.694496999999956,64,0.7733333333333332,1.0,0.8711111111111112,0.7733333333333332,0.0
signal,signal=1.0,1.0,binary,rpm_mlp,0,0.9552267432770482,0.0625,1.0,13.612231600000086,64,1.0,1.0,1.0,1.0,0.0
signal,signal=1.0,1.0,binary,rpm_mlp,1,0.9501879699248119,0.078125,0.7042857142857143,11.840238000000227,64,0.8133333333333335,1.0,0.8933333333333333,0.8133333333333335,0.05
signal,signal=1.0,1.0,binary,rpm_mlp,2,0.9556553514402353,0.065625,0.9199999999999999,9.879414099999849,64,0.96,1.0,0.9777777777777779,0.96,0.0
signal,signal=2.0,2.0,binary,full,0,0.9368447858036273,1.0,1.0,2.1824165999996694,64,0.0625,1.0,0.11764705882352941,0.0625,1.0
signal,signal=2.0,2.0,binary,full,1,0.9243734335839597,1.0,1.0,2.0592046000001574,64,0.0625,1.0,0.11764705882352941,0.0625,1.0
signal,signal=2.0,2.0,binary,full,2,0.9295294633957425,1.0,1.0,2.2179415000000517,64,0.0625,1.0,0.11764705882352941,0.0625,1.0
signal,signal=2.0,2.0,binary,anova,0,0.9685455753595995,0.115625,0.5877344877344877,1.3469236999999339,64,0.5476190476190477,1.0,0.7054545454545454,0.5476190476190477,0.15
signal,signal=2.0,2.0,binary,anova,1,0.9564536340852131,0.109375,0.6245887445887446,1.306574599999749,64,0.6044444444444445,1.0,0.7439316239316239,0.6044444444444445,0.0
signal,signal=2.0,2.0,binary,anova,2,0.9699252503031573,0.090625,0.6282142857142857,1.3198935000000347,64,0.7219047619047618,1.0,0.8286868686868688,0.7219047619047618,0.0
signal,signal=2.0,2.0,binary,lasso,0,0.9711093652282676,0.0625,1.0,2.0793509000000086,64,1.0,1.0,1.0,1.0,0.0
signal,signal=2.0,2.0,binary,lasso,1,0.9644736842105261,0.0625,1.0,2.044233399999939,64,1.0,1.0,1.0,1.0,0.0
signal,signal=2.0,2.0,binary,lasso,2,0.9573887841329702,0.4125,0.42749999999999994,2.5002411999998913,64,0.6266666666666667,1.0,0.65,0.6266666666666667,0.3
signal,signal=2.0,2.0,binary,rfe,0,0.9714845997498436,0.08125,0.76,2.190895499999897,64,0.8800000000000001,1.0,0.9142857142857143,0.8800000000000001,0.0
signal,signal=2.0,2.0,binary,rfe,1,0.9456140350877194,0.23125,0.33913621262458465,2.2783065999997234,64,0.45999999999999996,1.0,0.5792207792207793,0.45999999999999996,0.0
signal,signal=2.0,2.0,binary,rfe,2,0.9651859576278181,0.1,0.7,2.1763418000000456,64,0.85,1.0,0.8800000000000001,0.85,0.0
signal,signal=2.0,2.0,binary,rf,0,0.9699212398373984,0.1125,0.6611111111111112,3.2963989999998375,64,0.5571428571428572,1.0,0.7151515151515151,0.5571428571428572,0.05
signal,signal=2.0,2.0,binary,rf,1,0.9602756892230577,0.096875,0.5447222222222223,3.3805514000000585,64,0.68,1.0,0.8,0.68,0.0
signal,signal=2.0,2.0,binary,rf,2,0.968929592912151,0.115625,0.4955555555555556,3.5883441000000857,64,0.5428571428571429,1.0,0.7030303030303029,0.5428571428571429,0.0
signal,signal=2.0,2.0,binary,rpm,0,0.9711093652282676,0.0625,1.0,1.820433200000025,64,1.0,1.0,1.0,1.0,0.0
signal,signal=2.0,2.0,binary,rpm,1,0.9644736842105261,0.0625,1.0,1.7509272000002056,64,1.0,1.0,1.0,1.0,0.0
signal,signal=2.0,2.0,binary,rpm,2,0.9702364626783233,0.0625,1.0,1.6036480999996456,64,1.0,1.0,1.0,1.0,0.0
signal,signal=2.0,2.0,binary,rpm_l0,0,0.9711093652282676,0.0625,1.0,1.8143528999999035,64,1.0,1.0,1.0,1.0,0.0
signal,signal=2.0,2.0,binary,rpm_l0,1,0.963032581453634,0.065625,0.9200000000000002,1.8160729000001083,64,0.96,1.0,0.9777777777777779,0.96,0.0
signal,signal=2.0,2.0,binary,rpm_l0,2,0.9702364626783233,0.0625,1.0,1.9238070999999763,64,1.0,1.0,1.0,1.0,0.0
signal,signal=2.0,2.0,binary,rpm_boot,0,0.9711093652282676,0.0625,1.0,4.68929560000015,64,1.0,1.0,1.0,1.0,0.0
signal,signal=2.0,2.0,binary,rpm_boot,1,0.9644736842105261,0.0625,1.0,4.595673700000134,64,1.0,1.0,1.0,1.0,0.0
signal,signal=2.0,2.0,binary,rpm_boot,2,0.9702364626783233,0.0625,1.0,4.4508636999999,64,1.0,1.0,1.0,1.0,0.0
signal,signal=2.0,2.0,binary,rpm_ens,0,0.9711093652282676,0.0625,1.0,12.141582400000061,64,1.0,1.0,1.0,1.0,0.0
signal,signal=2.0,2.0,binary,rpm_ens,1,0.9644736842105261,0.0625,1.0,12.22524809999959,64,1.0,1.0,1.0,1.0,0.0
signal,signal=2.0,2.0,binary,rpm_ens,2,0.9708649981905797,0.065625,0.9200000000000002,12.684390299999905,64,0.96,1.0,0.9777777777777779,0.96,0.0
signal,signal=2.0,2.0,binary,rf_boot,0,0.9694831926203877,0.08125,0.7547619047619049,24.171324099999765,64,0.7733333333333332,1.0,0.8711111111111112,0.7733333333333332,0.0
signal,signal=2.0,2.0,binary,rf_boot,1,0.9587719298245613,0.075,0.7604761904761904,23.281014900000173,64,0.8533333333333333,1.0,0.9155555555555555,0.8533333333333333,0.0
signal,signal=2.0,2.0,binary,rf_boot,2,0.9687949974287184,0.084375,0.6928571428571428,36.484733400000096,64,0.7466666666666667,1.0,0.8533333333333333,0.7466666666666667,0.0
signal,signal=2.0,2.0,binary,rpm_mlp,0,0.9711093652282676,0.0625,1.0,9.379421999999977,64,1.0,1.0,1.0,1.0,0.0
signal,signal=2.0,2.0,binary,rpm_mlp,1,0.9644736842105261,0.0625,1.0,9.687011699999857,64,1.0,1.0,1.0,1.0,0.0
signal,signal=2.0,2.0,binary,rpm_mlp,2,0.9702364626783233,0.0625,1.0,9.830023399999845,64,1.0,1.0,1.0,1.0,0.0
signal,signal=3.0,3.0,binary,full,0,0.9459102564102564,1.0,1.0,2.1836614000003465,64,0.0625,1.0,0.11764705882352941,0.0625,1.0
signal,signal=3.0,3.0,binary,full,1,0.9330827067669173,1.0,1.0,2.1523800999998457,64,0.0625,1.0,0.11764705882352941,0.0625,1.0
signal,signal=3.0,3.0,binary,full,2,0.9298896412268505,1.0,1.0,2.2418563999999606,64,0.0625,1.0,0.11764705882352941,0.0625,1.0
signal,signal=3.0,3.0,binary,anova,0,0.9689218652282676,0.115625,0.5877344877344877,1.483465199999955,64,0.5476190476190477,1.0,0.7054545454545454,0.5476190476190477,0.15
signal,signal=3.0,3.0,binary,anova,1,0.9624060150375939,0.109375,0.6245887445887446,1.2857686000002104,64,0.6044444444444445,1.0,0.7439316239316239,0.6044444444444445,0.0
signal,signal=3.0,3.0,binary,anova,2,0.969540907186256,0.090625,0.6282142857142857,1.2824531000001116,64,0.7219047619047618,1.0,0.8286868686868688,0.7219047619047618,0.0
signal,signal=3.0,3.0,binary,lasso,0,0.9742363977485929,0.0625,1.0,2.0367810999996436,64,1.0,1.0,1.0,1.0,0.0
signal,signal=3.0,3.0,binary,lasso,1,0.9674185463659148,0.0625,1.0,2.041204800000287,64,1.0,1.0,1.0,1.0,0.0
signal,signal=3.0,3.0,binary,lasso,2,0.9579830755702847,0.4375,0.4375,2.6273393999999826,64,0.625,1.0,0.6470588235294118,0.625,0.4
signal,signal=3.0,3.0,binary,rfe,0,0.9680450281425891,0.1375,0.6571428571428571,2.220524099999693,64,0.8285714285714285,1.0,0.85,0.8285714285714285,0.0
signal,signal=3.0,3.0,binary,rfe,1,0.9635964912280702,0.19375,0.3662725779967159,2.3128663000002234,64,0.5585714285714285,1.0,0.6442857142857144,0.5585714285714285,0.0
signal,signal=3.0,3.0,binary,rfe,2,0.9713708819813469,0.0625,1.0,2.2239746000000196,64,1.0,1.0,1.0,1.0,0.0
signal,signal=3.0,3.0,binary,rf,0,0.9697967088805504,0.10625,0.6494841269841269,3.3636233000001994,64,0.6076190476190476,1.0,0.7498989898989898,0.6076190476190476,0.1
signal,signal=3.0,3.0,binary,rf,1,0.9624686716791981,0.10625,0.5065079365079365,3.3486264000002848,64,0.6311111111111111,1.0,0.7617094017094017,0.6311111111111111,0.0
signal,signal=3.0,3.0,binary,rf,2,0.9665247700131421,0.13125,0.5581818181818182,3.575639599999704,64,0.47777777777777775,1.0,0.6461538461538461,0.47777777777777775,0.0
signal,signal=3.0,3.0,binary,rpm,0,0.9742363977485929,0.0625,1.0,2.22495919999983,64,1.0,1.0,1.0,1.0,0.0
signal,signal=3.0,3.0,binary,rpm,1,0.9674185463659148,0.0625,1.0,3.455313599999954,64,1.0,1.0,1.0,1.0,0.0
signal,signal=3.0,3.0,binary,rpm,2,0.9713708819813469,0.0625,1.0,2.2944814999996197,64,1.0,1.0,1.0,1.0,0.0
signal,signal=3.0,3.0,binary,rpm_l0,0,0.9742363977485929,0.0625,1.0,2.739325699999881,64,1.0,1.0,1.0,1.0,0.0
signal,signal=3.0,3.0,binary,rpm_l0,1,0.9692355889724311,0.065625,0.9200000000000002,2.1093345999997837,64,0.96,1.0,0.9777777777777779,0.96,0.0
signal,signal=3.0,3.0,binary,rpm_l0,2,0.9713708819813469,0.0625,1.0,1.9411791000002268,64,1.0,1.0,1.0,1.0,0.0
signal,signal=3.0,3.0,binary,rpm_boot,0,0.9742363977485929,0.0625,1.0,5.02745589999995,64,1.0,1.0,1.0,1.0,0.0
signal,signal=3.0,3.0,binary,rpm_boot,1,0.9674185463659148,0.0625,1.0,4.574821300000167,64,1.0,1.0,1.0,1.0,0.0
signal,signal=3.0,3.0,binary,rpm_boot,2,0.9713708819813469,0.0625,1.0,4.722819199999776,64,1.0,1.0,1.0,1.0,0.0
signal,signal=3.0,3.0,binary,rpm_ens,0,0.9742363977485929,0.0625,1.0,13.108209999999872,64,1.0,1.0,1.0,1.0,0.0
signal,signal=3.0,3.0,binary,rpm_ens,1,0.9674185463659148,0.0625,1.0,15.727481100000205,64,1.0,1.0,1.0,1.0,0.0
signal,signal=3.0,3.0,binary,rpm_ens,2,0.9713708819813469,0.0625,1.0,16.127514999999676,64,1.0,1.0,1.0,1.0,0.0
signal,signal=3.0,3.0,binary,rf_boot,0,0.9710481941838648,0.09375,0.6376984126984127,23.739442600000075,64,0.681904761904762,1.0,0.8064646464646466,0.681904761904762,0.05
signal,signal=3.0,3.0,binary,rf_boot,1,0.9624060150375942,0.078125,0.7223809523809523,20.573483600000145,64,0.8342857142857143,1.0,0.901010101010101,0.8342857142857143,0.0
signal,signal=3.0,3.0,binary,rf_boot,2,0.9736995187576583,0.078125,0.7638095238095237,21.94885239999985,64,0.8133333333333332,1.0,0.8933333333333333,0.8133333333333332,0.0
signal,signal=3.0,3.0,binary,rpm_mlp,0,0.9742363977485929,0.0625,1.0,9.747379300000375,64,1.0,1.0,1.0,1.0,0.0
signal,signal=3.0,3.0,binary,rpm_mlp,1,0.9674185463659148,0.0625,1.0,9.144119399999909,64,1.0,1.0,1.0,1.0,0.0
signal,signal=3.0,3.0,binary,rpm_mlp,2,0.9713708819813469,0.0625,1.0,9.604817699999785,64,1.0,1.0,1.0,1.0,0.0
task,task=binary,binary,binary,full,0,0.9368447858036273,1.0,1.0,1.9869393000003583,64,0.0625,1.0,0.11764705882352941,0.0625,1.0
task,task=binary,binary,binary,full,1,0.9243734335839597,1.0,1.0,2.04145010000002,64,0.0625,1.0,0.11764705882352941,0.0625,1.0
task,task=binary,binary,binary,full,2,0.9295294633957425,1.0,1.0,2.1561937000001308,64,0.0625,1.0,0.11764705882352941,0.0625,1.0
task,task=binary,binary,binary,anova,0,0.9685455753595995,0.115625,0.5877344877344877,1.2770108999998229,64,0.5476190476190477,1.0,0.7054545454545454,0.5476190476190477,0.15
task,task=binary,binary,binary,anova,1,0.9564536340852131,0.109375,0.6245887445887446,1.334156399999756,64,0.6044444444444445,1.0,0.7439316239316239,0.6044444444444445,0.0
task,task=binary,binary,binary,anova,2,0.9699252503031573,0.090625,0.6282142857142857,1.3160713000002033,64,0.7219047619047618,1.0,0.8286868686868688,0.7219047619047618,0.0
task,task=binary,binary,binary,lasso,0,0.9711093652282676,0.0625,1.0,2.1052504999997836,64,1.0,1.0,1.0,1.0,0.0
task,task=binary,binary,binary,lasso,1,0.9644736842105261,0.0625,1.0,2.2143550999999206,64,1.0,1.0,1.0,1.0,0.0
task,task=binary,binary,binary,lasso,2,0.9573887841329702,0.4125,0.42749999999999994,2.8457320000002255,64,0.6266666666666667,1.0,0.65,0.6266666666666667,0.3
task,task=binary,binary,binary,rfe,0,0.9714845997498436,0.08125,0.76,2.400078300000132,64,0.8800000000000001,1.0,0.9142857142857143,0.8800000000000001,0.0
task,task=binary,binary,binary,rfe,1,0.9456140350877194,0.23125,0.33913621262458465,2.6313900999998623,64,0.45999999999999996,1.0,0.5792207792207793,0.45999999999999996,0.0
task,task=binary,binary,binary,rfe,2,0.9651859576278181,0.1,0.7,2.4420867999997427,64,0.85,1.0,0.8800000000000001,0.85,0.0
task,task=binary,binary,binary,rf,0,0.9699212398373984,0.1125,0.6611111111111112,3.5260558999998466,64,0.5571428571428572,1.0,0.7151515151515151,0.5571428571428572,0.05
task,task=binary,binary,binary,rf,1,0.9602756892230577,0.096875,0.5447222222222223,3.3474222999998346,64,0.68,1.0,0.8,0.68,0.0
task,task=binary,binary,binary,rf,2,0.968929592912151,0.115625,0.4955555555555556,3.656151300000147,64,0.5428571428571429,1.0,0.7030303030303029,0.5428571428571429,0.0
task,task=binary,binary,binary,rpm,0,0.9711093652282676,0.0625,1.0,1.4719694000000345,64,1.0,1.0,1.0,1.0,0.0
task,task=binary,binary,binary,rpm,1,0.9644736842105261,0.0625,1.0,1.48560389999966,64,1.0,1.0,1.0,1.0,0.0
task,task=binary,binary,binary,rpm,2,0.9702364626783233,0.0625,1.0,1.51383450000003,64,1.0,1.0,1.0,1.0,0.0
task,task=binary,binary,binary,rpm_l0,0,0.9711093652282676,0.0625,1.0,1.6102931000000353,64,1.0,1.0,1.0,1.0,0.0
task,task=binary,binary,binary,rpm_l0,1,0.963032581453634,0.065625,0.9200000000000002,1.8879876000000877,64,0.96,1.0,0.9777777777777779,0.96,0.0
task,task=binary,binary,binary,rpm_l0,2,0.9702364626783233,0.0625,1.0,1.6314660000002732,64,1.0,1.0,1.0,1.0,0.0
task,task=binary,binary,binary,rpm_boot,0,0.9711093652282676,0.0625,1.0,4.584974599999896,64,1.0,1.0,1.0,1.0,0.0
task,task=binary,binary,binary,rpm_boot,1,0.9644736842105261,0.0625,1.0,5.011456900000212,64,1.0,1.0,1.0,1.0,0.0
task,task=binary,binary,binary,rpm_boot,2,0.9702364626783233,0.0625,1.0,4.754092499999842,64,1.0,1.0,1.0,1.0,0.0
task,task=binary,binary,binary,rpm_ens,0,0.9711093652282676,0.0625,1.0,12.655367100000149,64,1.0,1.0,1.0,1.0,0.0
task,task=binary,binary,binary,rpm_ens,1,0.9644736842105261,0.0625,1.0,12.080077399999936,64,1.0,1.0,1.0,1.0,0.0
task,task=binary,binary,binary,rpm_ens,2,0.9708649981905797,0.065625,0.9200000000000002,12.442304599999716,64,0.96,1.0,0.9777777777777779,0.96,0.0
task,task=binary,binary,binary,rf_boot,0,0.9694831926203877,0.08125,0.7547619047619049,20.76616869999998,64,0.7733333333333332,1.0,0.8711111111111112,0.7733333333333332,0.0
task,task=binary,binary,binary,rf_boot,1,0.9587719298245613,0.075,0.7604761904761904,21.643392200000108,64,0.8533333333333333,1.0,0.9155555555555555,0.8533333333333333,0.0
task,task=binary,binary,binary,rf_boot,2,0.9687949974287184,0.084375,0.6928571428571428,20.91292169999997,64,0.7466666666666667,1.0,0.8533333333333333,0.7466666666666667,0.0
task,task=binary,binary,binary,rpm_mlp,0,0.9711093652282676,0.0625,1.0,9.844511899999816,64,1.0,1.0,1.0,1.0,0.0
task,task=binary,binary,binary,rpm_mlp,1,0.9644736842105261,0.0625,1.0,9.54578840000022,64,1.0,1.0,1.0,1.0,0.0
task,task=binary,binary,binary,rpm_mlp,2,0.9702364626783233,0.0625,1.0,9.79743869999993,64,1.0,1.0,1.0,1.0,0.0
task,task=regression,regression,regression,full,0,1.0339273301934169,1.0,1.0,15.064236300000175,64,0.0625,1.0,0.11764705882352941,0.0625,1.0
task,task=regression,regression,regression,full,1,1.077465889861243,1.0,1.0,13.96462560000009,64,0.0625,1.0,0.11764705882352941,0.0625,1.0
task,task=regression,regression,regression,full,2,1.0461875232431983,1.0,1.0,17.76083289999997,64,0.0625,1.0,0.11764705882352941,0.0625,1.0
task,task=regression,regression,regression,anova,0,0.8491610511106262,0.13125,0.5346891996891997,2.31152609999981,64,0.48317460317460326,1.0,0.6494838494838495,0.48317460317460326,0.25
task,task=regression,regression,regression,anova,1,0.8852285328371817,0.125,0.5004040404040404,2.2705549999996038,64,0.5142857142857142,1.0,0.6746853146853147,0.5142857142857142,0.05
task,task=regression,regression,regression,anova,2,0.8427408535203119,0.121875,0.6456565656565656,2.2423760000001494,64,0.5174603174603174,1.0,0.6806526806526806,0.5174603174603174,0.0
task,task=regression,regression,regression,lasso,0,0.8951150977218727,0.2,0.49430118943663837,3.084076399999958,64,0.32359562006620834,1.0,0.4860317460317461,0.32359562006620834,0.3
task,task=regression,regression,regression,lasso,1,0.9214618386949699,0.19375,0.42267699448814,2.977845200000047,64,0.38697705802968957,1.0,0.5370161977834612,0.38697705802968957,0.1
task,task=regression,regression,regression,lasso,2,0.9103148073900691,0.221875,0.4909850528840298,3.2802710000000843,64,0.3037214247740564,1.0,0.4593088071348941,0.3037214247740564,0.1
task,task=regression,regression,regression,rfe,0,0.7659923786574824,0.0625,1.0,1.973841099999845,64,1.0,1.0,1.0,1.0,0.0
task,task=regression,regression,regression,rfe,1,0.8029859412042999,0.0625,1.0,2.035341900000276,64,1.0,1.0,1.0,1.0,0.0
task,task=regression,regression,regression,rfe,2,0.7742688309611655,0.0625,1.0,1.9879884000001766,64,1.0,1.0,1.0,1.0,0.0
task,task=regression,regression,regression,rf,0,0.7659923786574824,0.0625,1.0,12.518710199999987,64,1.0,1.0,1.0,1.0,0.0
task,task=regression,regression,regression,rf,1,0.8029859412042999,0.0625,1.0,13.704081599999881,64,1.0,1.0,1.0,1.0,0.0
task,task=regression,regression,regression,rf,2,0.7742688309611655,0.0625,1.0,12.2956250000002,64,1.0,1.0,1.0,1.0,0.0
task,task=regression,regression,regression,rpm,0,0.7659923786574824,0.0625,1.0,2.3774662000000717,64,1.0,1.0,1.0,1.0,0.0
task,task=regression,regression,regression,rpm,1,0.8029859412042999,0.0625,1.0,4.278321799999958,64,1.0,1.0,1.0,1.0,0.0
task,task=regression,regression,regression,rpm,2,0.7742688309611655,0.0625,1.0,3.09096529999988,64,1.0,1.0,1.0,1.0,0.0
task,task=regression,regression,regression,rpm_l0,0,0.7659923786574824,0.0625,1.0,2.666531700000178,64,1.0,1.0,1.0,1.0,0.0
task,task=regression,regression,regression,rpm_l0,1,0.8029859412042999,0.0625,1.0,2.7158250000002226,64,1.0,1.0,1.0,1.0,0.0
task,task=regression,regression,regression,rpm_l0,2,0.7742688309611655,0.0625,1.0,2.743933900000229,64,1.0,1.0,1.0,1.0,0.0
task,task=regression,regression,regression,rpm_boot,0,0.7659923786574824,0.0625,1.0,6.783976100000018,64,1.0,1.0,1.0,1.0,0.0
task,task=regression,regression,regression,rpm_boot,1,0.8029859412042999,0.0625,1.0,4.138374799999838,64,1.0,1.0,1.0,1.0,0.0
task,task=regression,regression,regression,rpm_boot,2,0.7742688309611655,0.0625,1.0,11.519655099999909,64,1.0,1.0,1.0,1.0,0.0
task,task=regression,regression,regression,rpm_ens,0,0.7659923786574824,0.0625,1.0,13.622573399999965,64,1.0,1.0,1.0,1.0,0.0
task,task=regression,regression,regression,rpm_ens,1,0.8029859412042999,0.0625,1.0,10.999644500000159,64,1.0,1.0,1.0,1.0,0.0
task,task=regression,regression,regression,rpm_ens,2,0.7742688309611655,0.0625,1.0,13.65475570000035,64,1.0,1.0,1.0,1.0,0.0
task,task=regression,regression,regression,rf_boot,0,0.7659923786574824,0.0625,1.0,92.09912369999984,64,1.0,1.0,1.0,1.0,0.0
task,task=regression,regression,regression,rf_boot,1,0.8029859412042999,0.0625,1.0,96.73397729999988,64,1.0,1.0,1.0,1.0,0.0
task,task=regression,regression,regression,rf_boot,2,0.7742688309611655,0.0625,1.0,98.89931789999946,64,1.0,1.0,1.0,1.0,0.0
task,task=regression,regression,regression,rpm_mlp,0,0.7659923786574824,0.0625,1.0,9.208983600000465,64,1.0,1.0,1.0,1.0,0.0
task,task=regression,regression,regression,rpm_mlp,1,0.8029859412042999,0.0625,1.0,9.220693899999787,64,1.0,1.0,1.0,1.0,0.0
task,task=regression,regression,regression,rpm_mlp,2,0.7742688309611655,0.0625,1.0,9.960898399999678,64,1.0,1.0,1.0,1.0,0.0
region_side,region_side=1,1,binary,full,0,0.9956733442657555,1.0,1.0,2.2027932000000874,64,0.015625,1.0,0.03076923076923077,0.015625,1.0
region_side,region_side=1,1,binary,full,1,0.9960518439404608,1.0,1.0,2.2570473000005222,64,0.015625,1.0,0.03076923076923077,0.015625,1.0
region_side,region_side=1,1,binary,full,2,0.9893124999999999,1.0,1.0,2.6870569000002433,64,0.015625,1.0,0.03076923076923077,0.015625,1.0
region_side,region_side=1,1,binary,anova,0,0.9946064091718926,0.040625,0.29333333333333333,1.9388688000008187,64,0.41666666666666663,1.0,0.5799999999999998,0.41666666666666663,0.0
region_side,region_side=1,1,binary,anova,1,0.9923452566047425,0.046875,0.31857142857142856,1.3915821999999025,64,0.45666666666666667,1.0,0.58,0.45666666666666667,0.0
region_side,region_side=1,1,binary,anova,2,0.99325,0.078125,0.41452380952380957,1.310823299999356,64,0.20666666666666664,1.0,0.3409523809523809,0.20666666666666664,0.0
region_side,region_side=1,1,binary,lasso,0,0.996174400488966,0.015625,1.0,2.063449500000388,64,1.0,1.0,1.0,1.0,0.0
region_side,region_side=1,1,binary,lasso,1,0.9939818118520689,0.015625,1.0,2.205391800000143,64,1.0,1.0,1.0,1.0,0.0
region_side,region_side=1,1,binary,lasso,2,0.9971249999999999,0.015625,1.0,2.1540195999996286,64,1.0,1.0,1.0,1.0,0.0
region_side,region_side=1,1,binary,rfe,0,0.9955474402536826,0.146875,0.2192121212121212,2.3149749000003794,64,0.29909090909090913,1.0,0.3701185770750988,0.29909090909090913,0.0
region_side,region_side=1,1,binary,rfe,1,0.9946103473643253,0.025,0.7,2.175531000000774,64,0.85,1.0,0.8800000000000001,0.85,0.0
region_side,region_side=1,1,binary,rfe,2,0.9969999999999999,0.0625,0.43999999999999995,2.311115200000131,64,0.25,1.0,0.4,0.25,0.0
region_side,region_side=1,1,binary,rf,0,0.996174400488966,0.028125,0.6,3.302261499999986,64,0.6666666666666666,1.0,0.7666666666666666,0.6666666666666666,0.0
region_side,region_side=1,1,binary,rf,1,0.9912810782455825,0.034375,0.4616666666666666,3.4745905999998286,64,0.55,1.0,0.6799999999999999,0.55,0.0
region_side,region_side=1,1,binary,rf,2,0.9956250000000001,0.04375,0.4666666666666666,3.512174800000139,64,0.3833333333333333,1.0,0.5466666666666666,0.3833333333333333,0.0
region_side,region_side=1,1,binary,rpm,0,0.996174400488966,0.015625,1.0,1.5625002000006134,64,1.0,1.0,1.0,1.0,0.0
region_side,region_side=1,1,binary,rpm,1,0.9939818118520689,0.015625,1.0,1.4248231999999916,64,1.0,1.0,1.0,1.0,0.0
region_side,region_side=1,1,binary,rpm,2,0.9971249999999999,0.015625,1.0,1.3573741999998674,64,1.0,1.0,1.0,1.0,0.0
region_side,region_side=1,1,binary,rpm_l0,0,0.996174400488966,0.015625,1.0,1.445499700000255,64,1.0,1.0,1.0,1.0,0.0
region_side,region_side=1,1,binary,rpm_l0,1,0.9939818118520689,0.015625,1.0,1.501612799999748,64,1.0,1.0,1.0,1.0,0.0
region_side,region_side=1,1,binary,rpm_l0,2,0.9971249999999999,0.015625,1.0,1.5126973999995244,64,1.0,1.0,1.0,1.0,0.0
region_side,region_side=1,1,binary,rpm_boot,0,0.996174400488966,0.015625,1.0,5.005939600000602,64,1.0,1.0,1.0,1.0,0.0
region_side,region_side=1,1,binary,rpm_boot,1,0.9939818118520689,0.015625,1.0,4.722618300000249,64,1.0,1.0,1.0,1.0,0.0
region_side,region_side=1,1,binary,rpm_boot,2,0.9971249999999999,0.015625,1.0,4.902996599999824,64,1.0,1.0,1.0,1.0,0.0
region_side,region_side=1,1,binary,rpm_ens,0,0.996174400488966,0.015625,1.0,14.55617699999948,64,1.0,1.0,1.0,1.0,0.0
region_side,region_side=1,1,binary,rpm_ens,1,0.9941697817768809,0.021875,0.7,14.464170000000195,64,0.8,1.0,0.8666666666666666,0.8,0.0
region_side,region_side=1,1,binary,rpm_ens,2,0.9954999999999998,0.028125,0.6,14.623748400000295,64,0.6666666666666667,1.0,0.7666666666666666,0.6666666666666667,0.0
region_side,region_side=1,1,binary,rf_boot,0,0.9957358039977379,0.025,0.575,19.899395499999628,64,0.7666666666666667,1.0,0.8333333333333333,0.7666666666666667,0.0
region_side,region_side=1,1,binary,rf_boot,1,0.9910294671310582,0.021875,0.6333333333333333,19.21064000000024,64,0.8,1.0,0.8666666666666666,0.8,0.0
region_side,region_side=1,1,binary,rf_boot,2,0.9967499999999999,0.025,0.5666666666666667,20.333545000000413,64,0.7,1.0,0.8,0.7,0.0
region_side,region_side=1,1,binary,rpm_mlp,0,0.9946071968103791,0.040625,0.3076190476190476,10.723108899999716,64,0.5066666666666667,1.0,0.6333333333333333,0.5066666666666667,0.05
region_side,region_side=1,1,binary,rpm_mlp,1,0.9925334234391763,0.0875,0.18008408258408257,11.201258799999778,64,0.20746031746031743,1.0,0.3366666666666666,0.20746031746031743,0.15
region_side,region_side=1,1,binary,rpm_mlp,2,0.9967499999999999,0.06875,0.32940476190476187,10.667916200000036,64,0.37380952380952376,1.0,0.48,0.37380952380952376,0.0
region_side,region_side=2,2,binary,full,0,0.9392168151969982,1.0,1.0,2.2430543999998918,64,0.0625,1.0,0.11764705882352941,0.0625,1.0
region_side,region_side=2,2,binary,full,1,0.9452380952380952,1.0,1.0,2.1985568000000058,64,0.0625,1.0,0.11764705882352941,0.0625,1.0
region_side,region_side=2,2,binary,full,2,0.9312148432787968,1.0,1.0,2.3418285000007018,64,0.0625,1.0,0.11764705882352941,0.0625,1.0
region_side,region_side=2,2,binary,anova,0,0.9714223733583489,0.103125,0.6205158730158731,1.4757505999996283,64,0.6266666666666667,1.0,0.7644444444444444,0.6266666666666667,0.15
region_side,region_side=2,2,binary,anova,1,0.9582080200501253,0.125,0.6898484848484849,1.4623639999999796,64,0.5063492063492063,1.0,0.6703962703962704,0.5063492063492063,0.0
region_side,region_side=2,2,binary,anova,2,0.9691109317562805,0.134375,0.5234776334776334,1.7303019000000859,64,0.5282539682539683,1.0,0.6728205128205128,0.5282539682539683,0.0
region_side,region_side=2,2,binary,lasso,0,0.9766740931832395,0.0625,1.0,3.0394312999997055,64,1.0,1.0,1.0,1.0,0.0
region_side,region_side=2,2,binary,lasso,1,0.9672932330827066,0.065625,0.9199999999999999,2.3177372999998624,64,0.96,1.0,0.9777777777777779,0.96,0.0
region_side,region_side=2,2,binary,lasso,2,0.9612058279209442,0.428125,0.433734631147541,2.8168986000000587,64,0.6256147540983606,1.0,0.6481447963800905,0.6256147540983606,0.35
region_side,region_side=2,2,binary,rfe,0,0.9766740931832395,0.0625,1.0,2.034523199999967,64,1.0,1.0,1.0,1.0,0.0
region_side,region_side=2,2,binary,rfe,1,0.96234335839599,0.11875,0.6727272727272726,2.0819720999998026,64,0.8363636363636363,1.0,0.8615384615384615,0.8363636363636363,0.0
region_side,region_side=2,2,binary,rfe,2,0.976982069278581,0.0625,1.0,2.027647399999296,64,1.0,1.0,1.0,1.0,0.0
region_side,region_side=2,2,binary,rf,0,0.9699214352720451,0.09375,0.6714285714285715,3.49322359999951,64,0.6819047619047618,1.0,0.8064646464646466,0.6819047619047618,0.1
region_side,region_side=2,2,binary,rf,1,0.9638471177944862,0.11875,0.5983244533244533,5.066899399999784,64,0.5444444444444445,1.0,0.6994871794871794,0.5444444444444445,0.0
region_side,region_side=2,2,binary,rf,2,0.9705621186725837,0.125,0.47533022533022534,4.038578800000323,64,0.5133333333333333,1.0,0.6742857142857143,0.5133333333333333,0.0
region_side,region_side=2,2,binary,rpm,0,0.9766740931832395,0.0625,1.0,2.3525024999999005,64,1.0,1.0,1.0,1.0,0.0
region_side,region_side=2,2,binary,rpm,1,0.9661027568922306,0.0625,1.0,2.0856235000001107,64,1.0,1.0,1.0,1.0,0.0
region_side,region_side=2,2,binary,rpm,2,0.976982069278581,0.0625,1.0,1.8577156999999715,64,1.0,1.0,1.0,1.0,0.0
region_side,region_side=2,2,binary,rpm_l0,0,0.9766740931832395,0.0625,1.0,2.166163300000335,64,1.0,1.0,1.0,1.0,0.0
region_side,region_side=2,2,binary,rpm_l0,1,0.9661027568922306,0.0625,1.0,1.9273800999999366,64,1.0,1.0,1.0,1.0,0.0
region_side,region_side=2,2,binary,rpm_l0,2,0.976982069278581,0.0625,1.0,2.147667100000035,64,1.0,1.0,1.0,1.0,0.0
region_side,region_side=2,2,binary,rpm_boot,0,0.9766740931832395,0.0625,1.0,7.980902999999671,64,1.0,1.0,1.0,1.0,0.0
region_side,region_side=2,2,binary,rpm_boot,1,0.9672932330827066,0.065625,0.9199999999999999,7.558948799999598,64,0.96,1.0,0.9777777777777779,0.96,0.0
region_side,region_side=2,2,binary,rpm_boot,2,0.976982069278581,0.0625,1.0,6.736493600000358,64,1.0,1.0,1.0,1.0,0.0
region_side,region_side=2,2,binary,rpm_ens,0,0.9766740931832395,0.0625,1.0,17.28757130000031,64,1.0,1.0,1.0,1.0,0.0
region_side,region_side=2,2,binary,rpm_ens,1,0.9672932330827066,0.065625,0.9199999999999999,17.666746599999897,64,0.96,1.0,0.9777777777777779,0.96,0.0
region_side,region_side=2,2,binary,rpm_ens,2,0.976982069278581,0.0625,1.0,16.23516110000037,64,1.0,1.0,1.0,1.0,0.0
region_side,region_side=2,2,binary,rf_boot,0,0.9741115540963102,0.078125,0.7339285714285714,27.47584640000059,64,0.8476190476190476,1.0,0.9054545454545455,0.8476190476190476,0.0
region_side,region_side=2,2,binary,rf_boot,1,0.9677318295739348,0.084375,0.6980952380952381,35.19463270000051,64,0.7676190476190475,1.0,0.861010101010101,0.7676190476190475,0.0
region_side,region_side=2,2,binary,rf_boot,2,0.9758532052136702,0.08125,0.6471428571428571,26.456474900000103,64,0.7942857142857143,1.0,0.8787878787878789,0.7942857142857143,0.0
region_side,region_side=2,2,binary,rpm_mlp,0,0.9766740931832395,0.0625,1.0,11.336431099999572,64,1.0,1.0,1.0,1.0,0.0
region_side,region_side=2,2,binary,rpm_mlp,1,0.9672932330827066,0.065625,0.9199999999999999,11.87490489999982,64,0.96,1.0,0.9777777777777779,0.96,0.0
region_side,region_side=2,2,binary,rpm_mlp,2,0.976982069278581,0.0625,1.0,13.491568699999334,64,1.0,1.0,1.0,1.0,0.0
region_side,region_side=3,3,binary,full,0,0.9159835564521058,1.0,1.0,2.5012859000007666,64,0.140625,1.0,0.24657534246575344,0.140625,1.0
region_side,region_side=3,3,binary,full,1,0.8577861163227016,1.0,1.0,2.7601714000002175,64,0.140625,1.0,0.24657534246575344,0.140625,1.0
region_side,region_side=3,3,binary,full,2,0.8593955819782014,1.0,1.0,3.7329103999991275,64,0.140625,1.0,0.24657534246575344,0.140625,1.0
region_side,region_side=3,3,binary,anova,0,0.9304420761095986,0.184375,0.7922161172161173,2.571664900000542,64,0.7657342657342657,1.0,0.8664935064935065,0.7657342657342657,0.0
region_side,region_side=3,3,binary,anova,1,0.9127579737335836,0.171875,0.7541308691308692,2.523009199999251,64,0.8272727272727274,1.0,0.9028571428571428,0.8272727272727274,0.0
region_side,region_side=3,3,binary,anova,2,0.9098611550875934,0.178125,0.7442307692307693,2.992644200000541,64,0.790909090909091,1.0,0.8828571428571429,0.790909090909091,0.05
region_side,region_side=3,3,binary,lasso,0,0.9105385414756404,0.96875,0.9375,4.803602299999511,64,0.14536410805136074,1.0,0.2537900516984549,0.14536410805136074,0.95
region_side,region_side=3,3,binary,lasso,1,0.8553470919324578,0.978125,0.9593253968253969,3.7614001000001736,64,0.14379320276497692,1.0,0.2514277445494887,0.14379320276497692,0.9
region_side,region_side=3,3,binary,lasso,2,0.8573202333300252,0.953125,0.9092013888888889,3.557604999999967,64,0.1476203579335274,1.0,0.2572478862947506,0.1476203579335274,0.95
region_side,region_side=3,3,binary,rfe,0,0.9218045112781954,0.26875,0.5659479107848673,2.828828099999555,64,0.6186038961038961,1.0,0.7363736979764144,0.6186038961038961,0.0
region_side,region_side=3,3,binary,rfe,1,0.9055034396497812,0.2125,0.6883116883116884,2.762815799999771,64,0.7842857142857143,1.0,0.8551920341394027,0.7842857142857143,0.0
region_side,region_side=3,3,binary,rfe,2,0.9007623552911189,0.38125,0.45509715380405036,2.7635637000003044,64,0.46607142857142864,1.0,0.6015376665602229,0.46607142857142864,0.05
region_side,region_side=3,3,binary,rf,0,0.9258670832804338,0.16875,0.7777872127872129,3.8488656999998057,64,0.8457342657342657,1.0,0.91311004784689,0.8457342657342657,0.0
region_side,region_side=3,3,binary,rf,1,0.9095684803001876,0.184375,0.7300391275391276,4.191679600000498,64,0.7722077922077922,1.0,0.8688525661981039,0.7722077922077922,0.1
region_side,region_side=3,3,binary,rf,2,0.9081650937526092,0.19375,0.6913601594483947,8.479561000000103,64,0.7306693306693307,1.0,0.8430152456239413,0.7306693306693307,0.1
region_side,region_side=3,3,binary,rpm,0,0.8442085513972548,0.1,0.5736111111111111,1.958340700000008,64,1.0,0.711111111111111,0.808235294117647,0.711111111111111,0.0
region_side,region_side=3,3,binary,rpm,1,0.7537210756722952,0.0625,0.7,1.808205100000123,64,1.0,0.4444444444444445,0.6087912087912087,0.4444444444444445,0.0
region_side,region_side=3,3,binary,rpm,2,0.9091494843330828,0.134375,0.9111111111111112,1.8422835999999734,64,1.0,0.9555555555555555,0.9764705882352942,0.9555555555555555,0.0
region_side,region_side=3,3,binary,rpm_l0,0,0.9261834229099953,0.146875,0.9400000000000001,2.135305900000276,64,0.96,1.0,0.9789473684210528,0.96,0.0
region_side,region_side=3,3,binary,rpm_l0,1,0.9192620387742337,0.14375,0.96,2.107247699999789,64,0.9800000000000001,1.0,0.9894736842105264,0.9800000000000001,0.0
region_side,region_side=3,3,binary,rpm_l0,2,0.9196988385482877,0.140625,1.0,2.0728493000005983,64,1.0,1.0,1.0,1.0,0.0
region_side,region_side=3,3,binary,rpm_boot,0,0.9291272270733119,0.140625,1.0,5.834531699999388,64,1.0,1.0,1.0,1.0,0.0
region_side,region_side=3,3,binary,rpm_boot,1,0.9192620387742337,0.14375,0.96,5.510728400000517,64,0.9800000000000001,1.0,0.9894736842105264,0.9800000000000001,0.0
region_side,region_side=3,3,binary,rpm_boot,2,0.9196988385482877,0.140625,1.0,5.704168399999617,64,1.0,1.0,1.0,1.0,0.0
region_side,region_side=3,3,binary,rpm_ens,0,0.9291272270733119,0.140625,1.0,19.16357960000005,64,1.0,1.0,1.0,1.0,0.0
region_side,region_side=3,3,binary,rpm_ens,1,0.9203252032520325,0.140625,1.0,20.87590050000017,64,1.0,1.0,1.0,1.0,0.0
region_side,region_side=3,3,binary,rpm_ens,2,0.9252126230094406,0.14375,0.96,16.642339199999697,64,0.9800000000000001,1.0,0.9894736842105264,0.9800000000000001,0.0
region_side,region_side=3,3,binary,rf_boot,0,0.9275641025641026,0.165625,0.7755044955044955,24.21344560000034,64,0.8620979020979022,1.0,0.9225837320574163,0.8620979020979022,0.05
region_side,region_side=3,3,binary,rf_boot,1,0.9131957473420889,0.1625,0.8287762237762237,23.555904400000145,64,0.8736363636363637,1.0,0.930375939849624,0.8736363636363637,0.0
region_side,region_side=3,3,binary,rf_boot,2,0.9072928235106937,0.140625,0.9199999999999999,25.51129469999978,64,0.9777777777777779,0.9777777777777779,0.9777777777777779,0.96,0.0
region_side,region_side=3,3,binary,rpm_mlp,0,0.9291272270733119,0.140625,1.0,12.337703099999999,64,1.0,1.0,1.0,1.0,0.0
region_side,region_side=3,3,binary,rpm_mlp,1,0.9192620387742337,0.14375,0.96,12.529960599999868,64,0.9800000000000001,1.0,0.9894736842105264,0.9800000000000001,0.0
region_side,region_side=3,3,binary,rpm_mlp,2,0.9196988385482877,0.140625,1.0,12.003123899999991,64,1.0,1.0,1.0,1.0,0.0
distractor_side,distractor_side=0,0,binary,full,0,0.9380918151969981,1.0,1.0,2.59455700000035,64,0.0625,1.0,0.11764705882352941,0.0625,0.0
distractor_side,distractor_side=0,0,binary,full,1,0.9271929824561402,1.0,1.0,2.5489553999996133,64,0.0625,1.0,0.11764705882352941,0.0625,0.0
distractor_side,distractor_side=0,0,binary,full,2,0.9341233278733279,1.0,1.0,2.835428299999876,64,0.0625,1.0,0.11764705882352941,0.0625,0.0
distractor_side,distractor_side=0,0,binary,anova,0,0.971358466228893,0.1125,0.5214285714285715,1.6935708000000886,64,0.5777777777777777,1.0,0.7261538461538461,0.5777777777777777,0.0
distractor_side,distractor_side=0,0,binary,anova,1,0.9590225563909774,0.0875,0.5857142857142856,1.517094900000302,64,0.72,1.0,0.8355555555555556,0.72,0.0
distractor_side,distractor_side=0,0,binary,anova,2,0.961953761372366,0.1375,0.578947163947164,1.6597094999997353,64,0.47494949494949495,1.0,0.6373626373626374,0.47494949494949495,0.0
distractor_side,distractor_side=0,0,binary,lasso,0,0.9796754221388367,0.0625,1.0,2.622637499999655,64,1.0,1.0,1.0,1.0,0.0
distractor_side,distractor_side=0,0,binary,lasso,1,0.9607769423558897,0.0625,1.0,2.239176099999895,64,1.0,1.0,1.0,1.0,0.0
distractor_side,distractor_side=0,0,binary,lasso,2,0.9502377245109803,0.60625,0.41997950819672136,2.9490508999997473,64,0.43872950819672135,1.0,0.4727601809954751,0.43872950819672135,0.0
distractor_side,distractor_side=0,0,binary,rfe,0,0.9771738586616635,0.08125,0.76,2.6740583000000697,64,0.8800000000000001,1.0,0.9142857142857143,0.8800000000000001,0.0
distractor_side,distractor_side=0,0,binary,rfe,1,0.9515037593984962,0.30625,0.2957324573673331,2.9686830999999074,64,0.3837549407114625,1.0,0.4878241758241758,0.3837549407114625,0.0
distractor_side,distractor_side=0,0,binary,rfe,2,0.9578577255902836,0.4375,0.3297844827586207,2.880687100000614,64,0.5062931034482758,1.0,0.5636215776633234,0.5062931034482758,0.0
distractor_side,distractor_side=0,0,binary,rf,0,0.9691068245778613,0.10625,0.5886111111111111,4.005807399999867,64,0.5952380952380952,1.0,0.7442424242424244,0.5952380952380952,0.0
distractor_side,distractor_side=0,0,binary,rf,1,0.9569548872180451,0.1,0.5551334776334775,3.6300976000002265,64,0.6409523809523809,1.0,0.7765656565656565,0.6409523809523809,0.0
distractor_side,distractor_side=0,0,binary,rf,2,0.9634789123161216,0.115625,0.6014285714285714,3.985176200000751,64,0.5555555555555556,1.0,0.7097435897435898,0.5555555555555556,0.0
distractor_side,distractor_side=0,0,binary,rpm,0,0.9796754221388367,0.0625,1.0,1.7321375000001353,64,1.0,1.0,1.0,1.0,0.0
distractor_side,distractor_side=0,0,binary,rpm,1,0.9607769423558897,0.0625,1.0,1.8122335999996722,64,1.0,1.0,1.0,1.0,0.0
distractor_side,distractor_side=0,0,binary,rpm,2,0.9701052003377584,0.0625,1.0,1.6824572999994416,64,1.0,1.0,1.0,1.0,0.0
distractor_side,distractor_side=0,0,binary,rpm_l0,0,0.9796754221388367,0.0625,1.0,1.8022287000003416,64,1.0,1.0,1.0,1.0,0.0
distractor_side,distractor_side=0,0,binary,rpm_l0,1,0.9607769423558897,0.0625,1.0,1.8090605999996114,64,1.0,1.0,1.0,1.0,0.0
distractor_side,distractor_side=0,0,binary,rpm_l0,2,0.9701052003377584,0.0625,1.0,1.935784600000261,64,1.0,1.0,1.0,1.0,0.0
distractor_side,distractor_side=0,0,binary,rpm_boot,0,0.9796754221388367,0.0625,1.0,6.796642599999359,64,1.0,1.0,1.0,1.0,0.0
distractor_side,distractor_side=0,0,binary,rpm_boot,1,0.9607769423558897,0.0625,1.0,5.774601099999927,64,1.0,1.0,1.0,1.0,0.0
distractor_side,distractor_side=0,0,binary,rpm_boot,2,0.9701052003377584,0.0625,1.0,6.205214800000249,64,1.0,1.0,1.0,1.0,0.0
distractor_side,distractor_side=0,0,binary,rpm_ens,0,0.9796754221388367,0.0625,1.0,15.57882040000004,64,1.0,1.0,1.0,1.0,0.0
distractor_side,distractor_side=0,0,binary,rpm_ens,1,0.9607769423558897,0.0625,1.0,15.770636899999772,64,1.0,1.0,1.0,1.0,0.0
distractor_side,distractor_side=0,0,binary,rpm_ens,2,0.9701052003377584,0.0625,1.0,16.409974500000317,64,1.0,1.0,1.0,1.0,0.0
distractor_side,distractor_side=0,0,binary,rf_boot,0,0.9737346779237024,0.08125,0.6880952380952381,22.719193500000074,64,0.7733333333333332,1.0,0.8711111111111112,0.7733333333333332,0.0
distractor_side,distractor_side=0,0,binary,rf_boot,1,0.9579573934837093,0.075,0.7342857142857143,23.218516500000078,64,0.8533333333333333,1.0,0.9155555555555557,0.8533333333333333,0.0
distractor_side,distractor_side=0,0,binary,rf_boot,2,0.9724349481616924,0.078125,0.7123809523809523,22.823287199999868,64,0.8266666666666665,1.0,0.8977777777777778,0.8266666666666665,0.0
distractor_side,distractor_side=0,0,binary,rpm_mlp,0,0.9774254221388367,0.090625,0.723076923076923,10.673573099999885,64,0.8615384615384615,1.0,0.8941176470588236,0.8615384615384615,0.0
distractor_side,distractor_side=0,0,binary,rpm_mlp,1,0.9632205513784461,0.1125,0.5425750719868366,10.611194399999476,64,0.7342657342657343,1.0,0.8007843137254902,0.7342657342657343,0.0
distractor_side,distractor_side=0,0,binary,rpm_mlp,2,0.9701052003377584,0.0625,1.0,10.698778899999525,64,1.0,1.0,1.0,1.0,0.0
distractor_side,distractor_side=1,1,binary,full,0,0.9527263914946842,1.0,1.0,2.3806352999999945,64,0.0625,1.0,0.11764705882352941,0.0625,1.0
distractor_side,distractor_side=1,1,binary,full,1,0.938095238095238,1.0,1.0,2.5002635000000737,64,0.0625,1.0,0.11764705882352941,0.0625,1.0
distractor_side,distractor_side=1,1,binary,full,2,0.9207325454418477,1.0,1.0,3.0861970000005385,64,0.0625,1.0,0.11764705882352941,0.0625,1.0
distractor_side,distractor_side=1,1,binary,anova,0,0.9692333098811756,0.153125,0.4825362137862138,1.6427511000001687,64,0.43555555555555553,1.0,0.5973626373626374,0.43555555555555553,0.2
distractor_side,distractor_side=1,1,binary,anova,1,0.9638471177944863,0.1125,0.5022222222222222,1.5400595999999496,64,0.5619047619047619,1.0,0.7175757575757575,0.5619047619047619,0.0
distractor_side,distractor_side=1,1,binary,anova,2,0.9644264375369026,0.1,0.6503968253968253,1.3821738999995432,64,0.6409523809523809,1.0,0.7765656565656567,0.6409523809523809,0.0
distractor_side,distractor_side=1,1,binary,lasso,0,0.9750489368355222,0.0625,1.0,2.4650347999995574,64,1.0,1.0,1.0,1.0,0.0
distractor_side,distractor_side=1,1,binary,lasso,1,0.9416666666666667,0.428125,0.4337149577572964,4.081862000000001,64,0.6256016385048643,1.0,0.6481230212573496,0.6256016385048643,0.4
distractor_side,distractor_side=1,1,binary,lasso,2,0.9524230758242386,0.428125,0.4337149577572964,4.987476799999968,64,0.6256016385048643,1.0,0.6481230212573496,0.6256016385048643,0.4
distractor_side,distractor_side=1,1,binary,rfe,0,0.9721095997498436,0.1,0.5938461538461539,7.752335900000617,64,0.76,1.0,0.8285714285714286,0.76,0.0
distractor_side,distractor_side=1,1,binary,rfe,1,0.9528195488721802,0.26875,0.42311076604554865,7.196294899999884,64,0.6459627329192547,1.0,0.682,0.6459627329192547,0.0
distractor_side,distractor_side=1,1,binary,rfe,2,0.9682107054200078,0.1375,0.6571428571428571,3.738530300000093,64,0.8285714285714285,1.0,0.85,0.8285714285714285,0.0
distractor_side,distractor_side=1,1,binary,rf,0,0.9733601860537837,0.10625,0.4891161616161617,5.636432199999945,64,0.5952380952380951,1.0,0.7442424242424244,0.5952380952380951,0.0
distractor_side,distractor_side=1,1,binary,rf,1,0.9736842105263157,0.09375,0.5785714285714285,5.78072709999924,64,0.6742857142857143,1.0,0.8032323232323233,0.6742857142857143,0.0
distractor_side,distractor_side=1,1,binary,rf,2,0.9644450475845826,0.1125,0.47414141414141414,4.148408899999595,64,0.5571428571428572,1.0,0.7151515151515152,0.5571428571428572,0.0
distractor_side,distractor_side=1,1,binary,rpm,0,0.9750489368355222,0.0625,1.0,1.7768840999997337,64,1.0,1.0,1.0,1.0,0.0
distractor_side,distractor_side=1,1,binary,rpm,1,0.9651629072681704,0.0625,1.0,1.8063320000001113,64,1.0,1.0,1.0,1.0,0.0
distractor_side,distractor_side=1,1,binary,rpm,2,0.9724405033998057,0.0625,1.0,1.7911321999999927,64,1.0,1.0,1.0,1.0,0.0
distractor_side,distractor_side=1,1,binary,rpm_l0,0,0.9750489368355222,0.0625,1.0,2.2345729999997275,64,1.0,1.0,1.0,1.0,0.0
distractor_side,distractor_side=1,1,binary,rpm_l0,1,0.96359649122807,0.065625,0.9200000000000002,1.7352883000003203,64,0.96,1.0,0.9777777777777779,0.96,0.0
distractor_side,distractor_side=1,1,binary,rpm_l0,2,0.9724405033998057,0.0625,1.0,1.7671213999992688,64,1.0,1.0,1.0,1.0,0.0
distractor_side,distractor_side=1,1,binary,rpm_boot,0,0.9750489368355222,0.0625,1.0,5.557831900000565,64,1.0,1.0,1.0,1.0,0.0
distractor_side,distractor_side=1,1,binary,rpm_boot,1,0.9651629072681704,0.0625,1.0,5.179114900000059,64,1.0,1.0,1.0,1.0,0.0
distractor_side,distractor_side=1,1,binary,rpm_boot,2,0.9724405033998057,0.0625,1.0,5.26911089999976,64,1.0,1.0,1.0,1.0,0.0
distractor_side,distractor_side=1,1,binary,rpm_ens,0,0.9750489368355222,0.0625,1.0,15.77234430000044,64,1.0,1.0,1.0,1.0,0.0
distractor_side,distractor_side=1,1,binary,rpm_ens,1,0.9651629072681704,0.0625,1.0,15.83504770000036,64,1.0,1.0,1.0,1.0,0.0
distractor_side,distractor_side=1,1,binary,rpm_ens,2,0.9724405033998057,0.0625,1.0,15.230121500000678,64,1.0,1.0,1.0,1.0,0.0
distractor_side,distractor_side=1,1,binary,rf_boot,0,0.9760491713570982,0.08125,0.7385714285714287,23.0039612999999,64,0.7866666666666665,1.0,0.8755555555555556,0.7866666666666665,0.0
distractor_side,distractor_side=1,1,binary,rf_boot,1,0.9679197994987468,0.078125,0.7123809523809524,23.415815199999997,64,0.8266666666666668,1.0,0.8977777777777778,0.8266666666666668,0.0
distractor_side,distractor_side=1,1,binary,rf_boot,2,0.9709909830549366,0.090625,0.6226190476190477,23.39588730000014,64,0.7133333333333333,1.0,0.8266666666666668,0.7133333333333333,0.0
distractor_side,distractor_side=1,1,binary,rpm_mlp,0,0.9750489368355222,0.0625,1.0,11.063916600000084,64,1.0,1.0,1.0,1.0,0.0
distractor_side,distractor_side=1,1,binary,rpm_mlp,1,0.9651629072681704,0.0625,1.0,12.96767490000002,64,1.0,1.0,1.0,1.0,0.0
distractor_side,distractor_side=1,1,binary,rpm_mlp,2,0.9724405033998057,0.0625,1.0,13.95583809999971,64,1.0,1.0,1.0,1.0,0.0
distractor_side,distractor_side=2,2,binary,full,0,0.9392168151969982,1.0,1.0,2.3089982999999847,64,0.0625,1.0,0.11764705882352941,0.0625,1.0
distractor_side,distractor_side=2,2,binary,full,1,0.9452380952380952,1.0,1.0,2.4425656000003073,64,0.0625,1.0,0.11764705882352941,0.0625,1.0
distractor_side,distractor_side=2,2,binary,full,2,0.9312148432787968,1.0,1.0,2.6449333999999,64,0.0625,1.0,0.11764705882352941,0.0625,1.0
distractor_side,distractor_side=2,2,binary,anova,0,0.9714223733583489,0.103125,0.6205158730158731,1.6189673999997467,64,0.6266666666666667,1.0,0.7644444444444444,0.6266666666666667,0.15
distractor_side,distractor_side=2,2,binary,anova,1,0.9582080200501253,0.125,0.6898484848484849,1.4675200000001496,64,0.5063492063492063,1.0,0.6703962703962704,0.5063492063492063,0.0
distractor_side,distractor_side=2,2,binary,anova,2,0.9691109317562805,0.134375,0.5234776334776334,1.4932830000007016,64,0.5282539682539683,1.0,0.6728205128205128,0.5282539682539683,0.0
distractor_side,distractor_side=2,2,binary,lasso,0,0.9766740931832395,0.0625,1.0,2.681919300000118,64,1.0,1.0,1.0,1.0,0.0
distractor_side,distractor_side=2,2,binary,lasso,1,0.9672932330827066,0.065625,0.9199999999999999,2.2810119000005216,64,0.96,1.0,0.9777777777777779,0.96,0.0
distractor_side,distractor_side=2,2,binary,lasso,2,0.9612058279209442,0.428125,0.433734631147541,2.701117499999782,64,0.6256147540983606,1.0,0.6481447963800905,0.6256147540983606,0.35
distractor_side,distractor_side=2,2,binary,rfe,0,0.9766740931832395,0.0625,1.0,3.3343383000001268,64,1.0,1.0,1.0,1.0,0.0
distractor_side,distractor_side=2,2,binary,rfe,1,0.96234335839599,0.11875,0.6727272727272726,2.482523499999843,64,0.8363636363636363,1.0,0.8615384615384615,0.8363636363636363,0.0
distractor_side,distractor_side=2,2,binary,rfe,2,0.976982069278581,0.0625,1.0,3.603411099999903,64,1.0,1.0,1.0,1.0,0.0
distractor_side,distractor_side=2,2,binary,rf,0,0.9699214352720451,0.09375,0.6714285714285715,3.765447500000846,64,0.6819047619047618,1.0,0.8064646464646466,0.6819047619047618,0.1
distractor_side,distractor_side=2,2,binary,rf,1,0.9638471177944862,0.11875,0.5983244533244533,4.208266300000105,64,0.5444444444444445,1.0,0.6994871794871794,0.5444444444444445,0.0
distractor_side,distractor_side=2,2,binary,rf,2,0.9705621186725837,0.125,0.47533022533022534,4.7795703000001595,64,0.5133333333333333,1.0,0.6742857142857143,0.5133333333333333,0.0
distractor_side,distractor_side=2,2,binary,rpm,0,0.9766740931832395,0.0625,1.0,1.8026417000000947,64,1.0,1.0,1.0,1.0,0.0
distractor_side,distractor_side=2,2,binary,rpm,1,0.9661027568922306,0.0625,1.0,2.511389799999961,64,1.0,1.0,1.0,1.0,0.0
distractor_side,distractor_side=2,2,binary,rpm,2,0.976982069278581,0.0625,1.0,1.7730328999996345,64,1.0,1.0,1.0,1.0,0.0
distractor_side,distractor_side=2,2,binary,rpm_l0,0,0.9766740931832395,0.0625,1.0,1.8555774999995265,64,1.0,1.0,1.0,1.0,0.0
distractor_side,distractor_side=2,2,binary,rpm_l0,1,0.9661027568922306,0.0625,1.0,1.9422955999998521,64,1.0,1.0,1.0,1.0,0.0
distractor_side,distractor_side=2,2,binary,rpm_l0,2,0.976982069278581,0.0625,1.0,1.9286480999999185,64,1.0,1.0,1.0,1.0,0.0
distractor_side,distractor_side=2,2,binary,rpm_boot,0,0.9766740931832395,0.0625,1.0,5.262449199999537,64,1.0,1.0,1.0,1.0,0.0
distractor_side,distractor_side=2,2,binary,rpm_boot,1,0.9672932330827066,0.065625,0.9199999999999999,5.026297599999452,64,0.96,1.0,0.9777777777777779,0.96,0.0
distractor_side,distractor_side=2,2,binary,rpm_boot,2,0.976982069278581,0.0625,1.0,4.995401000000129,64,1.0,1.0,1.0,1.0,0.0
distractor_side,distractor_side=2,2,binary,rpm_ens,0,0.9766740931832395,0.0625,1.0,15.75128659999973,64,1.0,1.0,1.0,1.0,0.0
distractor_side,distractor_side=2,2,binary,rpm_ens,1,0.9672932330827066,0.065625,0.9199999999999999,16.69547490000059,64,0.96,1.0,0.9777777777777779,0.96,0.0
distractor_side,distractor_side=2,2,binary,rpm_ens,2,0.976982069278581,0.0625,1.0,16.4278433999998,64,1.0,1.0,1.0,1.0,0.0
distractor_side,distractor_side=2,2,binary,rf_boot,0,0.9741115540963102,0.078125,0.7339285714285714,24.774706100000003,64,0.8476190476190476,1.0,0.9054545454545455,0.8476190476190476,0.0
distractor_side,distractor_side=2,2,binary,rf_boot,1,0.9677318295739348,0.084375,0.6980952380952381,23.128663600000436,64,0.7676190476190475,1.0,0.861010101010101,0.7676190476190475,0.0
distractor_side,distractor_side=2,2,binary,rf_boot,2,0.9758532052136702,0.08125,0.6471428571428571,36.51614580000023,64,0.7942857142857143,1.0,0.8787878787878789,0.7942857142857143,0.0
distractor_side,distractor_side=2,2,binary,rpm_mlp,0,0.9766740931832395,0.0625,1.0,11.053787800000464,64,1.0,1.0,1.0,1.0,0.0
distractor_side,distractor_side=2,2,binary,rpm_mlp,1,0.9672932330827066,0.065625,0.9199999999999999,11.043891000000258,64,0.96,1.0,0.9777777777777779,0.96,0.0
distractor_side,distractor_side=2,2,binary,rpm_mlp,2,0.976982069278581,0.0625,1.0,11.280025399999431,64,1.0,1.0,1.0,1.0,0.0
